1,31.22222,121.45806
2,-34.61315,-58.37723
3,19.07283,72.88261
4,19.42847,-99.12766
5,39.9075,116.39723
6,24.8608,67.0104
7,41.01384,28.94966
8,39.14222,117.17667
9,23.11667,113.25
10,28.65195,77.23149
11,55.75222,37.61556
12,22.54554,114.0683
13,23.7104,90.40744
14,37.566,126.9784
15,-23.5475,-46.63611
16,30.58333,114.26667
17,6.45407,3.39467
18,-6.21462,106.84513
19,35.6895,139.69171
20,40.71427,-74.00597
21,23.01797,113.74866
22,25.04776,121.53185
23,-4.32758,15.31357
24,-12.04318,-77.02824
25,30.06263,31.24967
26,4.60971,-74.08175
27,51.50853,-0.12574
28,29.56278,106.55278
29,30.66667,104.06667
30,33.34058,44.40088
31,32.06167,118.77778
32,35.69439,51.42151
33,30.79508,106.08473
34,22.27832,114.17469
35,34.25833,108.92861
36,31.558,74.35071
37,41.79222,123.43278
38,30.29365,120.16142
39,-22.90278,-43.2075
40,45.75,126.65
41,36.18528,117.12
42,31.30408,120.59538
43,23.36814,116.71479
44,13.75398,100.50144
45,12.97194,77.59369
46,59.93863,30.31413
47,-33.45694,-70.64827
48,22.56263,88.36304
49,-33.86785,151.20732
50,16.80528,96.15611
51,36.66833,116.99722
52,13.08784,80.27847
53,34.75778,113.64861
54,-37.814,144.96332
55,24.68773,46.72185
56,43.88,125.32278
57,38.91222,121.60222
58,34.05223,-118.24368
59,22.3384,91.83168
60,25.03889,102.71833
61,31.21564,29.95527
62,23.02579,72.58727
63,36.06488,120.38042
64,35.10278,129.04028
65,5.30966,-4.01266
66,12.00012,8.51672
67,23.02677,113.13148
68,17.38405,78.45636
69,29.45679,119.88872
70,35.43333,139.65
71,7.37756,3.90591
72,1.28967,103.85007
73,31.56887,120.28857
74,24.47979,118.08187
75,39.91987,32.85427
76,34.57952,105.74238
77,29.87819,121.54945
78,10.82302,106.62965
79,32.6475,110.77806
80,-33.92584,18.42322
81,37.86944,112.56028
82,52.52437,13.41053
83,39.63333,118.18333
84,31.86389,117.28083
85,40.4165,-3.70256
86,39.03385,125.75432
87,33.58831,-7.61138
88,36.79056,118.06333
89,21.31992,110.5723
90,-29.8579,31.0292
91,28.19874,112.97087
92,34.52813,69.17233
93,43.80096,87.60046
94,10.48801,-66.87919
95,18.51957,73.85535
96,21.19594,72.83023
97,21.54238,39.19797
98,38.04139,114.47861
99,26.46523,80.34975
100,50.45466,30.5238
101,-8.83682,13.23432
102,14.6488,121.0509
103,9.02497,38.74689
104,-1.28333,36.81667
105,41.85003,-87.65005
106,-12.97111,-38.51083
107,26.91962,75.78781
108,-6.82349,39.26951
109,36.05701,103.83987
110,37.45646,126.70515
111,22.92833,112.03954
112,30.50852,47.7804
113,43.70011,-79.4163
114,19.03681,73.01582
115,34.69374,135.50218
116,2.03711,45.34375
117,35.87028,128.59111
118,31.41667,73.08333
119,38.41273,27.13838
120,14.6937,-17.44406
121,26.83928,80.92313
122,30.00808,31.21093
123,-3.71722,-38.54306
124,3.43722,-76.5225
125,-7.24917,112.75083
126,-19.92083,-43.93778
127,28.68396,115.85306
128,41.89193,12.51133
129,36.31559,59.56796
130,40.6501,-73.94958
131,29.76328,-95.36327
132,40.68149,-73.83652
133,21.14631,79.08491
134,10.66663,-71.61245
135,-15.77972,-47.92972
136,18.50012,-69.98857
137,35.18147,136.90641
138,-27.46794,153.02809
139,23.13302,-82.38304
140,48.85341,2.3488
141,36.33271,43.10555
142,-26.20227,28.04363
143,22.31667,114.18333
144,30.50316,47.81507
145,43.25667,76.92861
146,6.25184,-75.56359
147,41.26465,69.21627
148,36.73225,3.08746
149,15.55177,32.53241
150,5.55602,-0.1969
151,-2.20584,-79.90795
152,39.6086,109.78157
153,15.35472,44.20667
154,33.88894,35.49442
155,-31.95224,115.8614
156,43.06667,141.35
157,43.85083,126.56028
158,44.43225,26.10626
159,9.535,-13.68778
160,22.71792,75.8333
161,19.35529,-99.06224
162,19.60492,-99.06064
163,9.53795,-13.67729
164,10.23535,-67.59113
165,3.58333,98.66667
166,33.6007,73.0679
167,53.9,27.56667
168,47.49801,19.03991
169,36.335,43.11889
170,53.57532,10.01534
171,-25.42778,-49.27306
172,52.22977,21.01178
173,-6.92222,107.60694
174,-26.26781,27.85849
175,48.20849,16.37208
176,34.01325,-6.83255
177,20.66682,-103.39182
178,41.38879,2.15899
179,-25.74486,28.18783
180,36.20124,37.16117
181,14.6042,120.9822
182,45.50884,-73.58781
183,25.59408,85.13563
184,23.25469,77.40289
185,-3.10194,-60.025
186,32.12278,114.06556
187,19.03793,-98.20346
188,10.52641,7.43879
189,11.56245,104.91601
190,33.5102,36.29128
191,39.95233,-75.16379
192,33.44838,-112.07404
193,32.65246,51.67462
194,30.91204,75.85379
195,-17.82772,31.05337
196,34.6913,135.183
197,-6.2349,106.9896
198,22.61626,120.31333
199,59.33258,18.0649
200,31.73333,-106.48333
201,40.78343,-73.96625
202,-25.30066,-57.63591
203,-8.05389,-34.88111
204,36.32139,127.41972
205,29.42412,-98.49363
206,6.68848,-1.62443
207,6.13328,102.2386
208,35.02107,135.75385
209,3.1412,101.68653
210,35.83266,50.99155
211,27.70169,85.3206
212,-2.91673,104.7458
213,30.19679,71.47824
214,21.0245,105.84117
215,49.98081,36.25272
216,27.18333,78.01667
217,-31.4135,-64.18105
218,38.08,46.2919
219,55.0415,82.9346
220,35.15472,126.91556
221,40.19559,29.06013
222,22.29941,73.20812
223,-1.45583,-48.50444
224,41.85583,123.92333
225,-0.22985,-78.52495
226,32.71533,-117.15726
227,33.6,130.41667
228,-18.91368,47.53613
229,34.68361,112.45361
230,25.39242,68.37366
231,40.84985,-73.86641
232,10.16202,-68.00765
233,32.15567,74.18705
234,10.96854,-74.78132
235,28.15861,113.62709
236,32.5027,-117.00371
237,-11.66089,27.47938
238,-30.03306,-51.23
239,-6.17806,106.63
240,-17.78629,-63.18117
241,36.60056,114.46778
242,0.31628,32.58219
243,56.8519,60.6122
244,22.80979,89.56439
245,4.04827,9.70428
246,29.44768,75.67206
247,21.42664,39.82563
248,-5.14861,119.43194
249,35.52056,139.71722
250,-6.28862,106.71789
251,40.65222,109.82222
252,32.78306,-96.80667
253,24.46861,39.61417
254,3.86667,11.51667
255,12.65,-8
256,19.99727,73.79096
257,-6.99306,110.42083
258,-4.26613,15.28318
259,18.62292,73.80696
260,56.32867,44.00205
261,31.95522,35.94503
262,7.20417,124.43972
263,44.80401,20.46513
264,-34.90328,-56.18816
265,-15.40669,28.28713
266,19.2437,73.13554
267,19.19704,72.96355
268,48.13743,11.57549
269,33.9,35.48333
270,29.61031,52.53113
271,37.00167,35.32889
272,37.29111,127.00889
273,45.46427,9.18951
274,18.53917,-72.335
275,19.40061,-99.01483
276,-34.92866,138.59863
277,28.98002,77.70636
278,19.23114,82.54826
279,28.41124,77.31316
280,34.008,71.57849
281,7.07306,125.61278
282,21.97473,96.08359
283,29.37455,113.09481
284,19.4517,-70.69703
285,15.64453,32.47773
286,41.12361,122.99
287,34.18045,117.15707
288,28.66535,77.43915
289,-6.4,106.81861
290,35.90807,139.65657
291,19.49392,-99.11075
292,19.21667,73.08333
293,-25.96553,32.58322
294,26.06139,119.30611
295,22.29161,70.79322
296,-32.94682,-60.63932
297,26.58333,106.71667
298,-16.67861,-49.25389
299,-23.46278,-46.53333
300,50.08804,14.42076
301,25.31668,83.01041
302,55.67594,12.56553
303,42.69751,23.32415
304,32.87519,13.18746
305,4.77742,7.0134
306,34.4,132.45
307,26.86879,100.22072
308,25.0657,55.17128
309,53.20007,50.15
310,54.99244,73.36859
311,6.33815,5.62575
312,25.67507,-100.31847
313,7.16083,124.475
314,40.37767,49.89201
315,21.12908,-101.67374
316,11.84692,13.15712
317,55.78874,49.12214
318,40.18111,44.51361
319,31.62234,74.87534
320,12.36566,-1.53388
321,35.88333,139.63333
322,47.23135,39.72328
323,25.44478,81.84322
324,37.65639,126.835
325,37.05944,37.3825
326,17.68009,83.20161
327,38.26667,140.86667
328,55.15402,61.42915
329,40.09361,113.29139
330,41.69411,44.83368
331,31.64615,120.74221
332,24.1469,120.6839
333,10.01531,77.482
334,34.33778,108.70261
335,54.74306,55.96779
336,48.4593,35.03865
337,37.43861,127.13778
338,-22.90556,-47.06083
339,23.16697,79.95006
340,22.57688,88.31857
341,32.62639,116.99694
342,37.33939,-121.89496
343,48.023,37.80224
344,53.33306,-6.24889
345,51.05011,-114.08529
346,50.85045,4.34878
347,19.87757,75.34226
348,48.71939,44.50183
349,-22.75917,-43.45111
350,23.5418,116.36581
351,46.47747,30.73262
352,18.53017,73.85263
353,35.99502,119.40259
354,33.85181,130.85034
355,17.67152,75.91044
356,38.85111,115.49028
357,14.64072,-90.51327
358,41.28861,123.765
359,20.72356,-103.38479
360,52.48142,-1.89983
361,58.01046,56.25017
362,34.08565,74.80555
363,11.11128,7.7227
364,12.13282,-86.2504
365,-33.91799,25.57007
366,34.03313,-5.00028
367,50.93333,6.95
368,35.53722,129.31667
369,30.73629,76.7884
370,11.00555,76.96612
371,40.85216,14.26811
372,-9.66583,-35.73528
373,10.39972,-75.51444
374,31.77359,119.95401
375,24.49258,39.58572
376,6.30054,-10.7969
377,17.99702,-76.79358
378,36.19257,44.01062
379,30.26715,-97.74306
380,56.01839,92.86717
381,19.745,96.12972
382,26.26841,73.00594
383,35.6,140.11667
384,-2.52972,-44.30278
385,9.91735,78.11962
386,34.0531,-6.79846
387,33.97444,116.79167
388,-17.3895,-66.1568
389,5.41613,-4.0159
390,33.30563,44.18477
391,42.87,74.59
392,34.7986,114.30742
393,34.6401,50.8764
394,26.1844,91.7458
395,5.10658,7.36667
396,33.73847,113.30119
397,26.22983,78.17337
398,47.34088,123.96045
399,3.03333,101.45
400,-32.89084,-68.82717
401,37.87135,32.48464
402,-6.13603,23.58979
403,16.50745,80.6466
404,14.76457,-17.39071
405,45.07049,7.68682
406,12.29791,76.63925
407,30.33218,-81.65565
408,27.99942,120.66682
409,37.77493,-122.41942
410,53.41058,-2.97794
411,51.54056,46.00861
412,14.0818,-87.20681
413,37.49889,126.78306
414,39.96118,-82.99879
415,51.67204,39.1843
416,23.34316,85.3094
417,19.47851,-99.23963
418,47.90771,106.88324
419,10.99081,104.78498
420,31.31901,48.6842
421,-16.39889,-71.535
422,-0.94924,100.35427
423,15.34776,75.13378
424,31.63416,-7.99994
425,-8.65,115.21667
426,3.15,101.53333
427,32.72541,-97.32085
428,39.76838,-86.15804
429,35.22709,-80.84313
430,-22.78556,-43.31167
431,9.92849,8.89212
432,39.46975,-0.37739
433,8.49664,4.54214
434,-12.05659,-77.11814
435,-16.5,-68.15
436,45.41117,-75.69812
437,10.0647,-69.35703
438,28.63528,-106.08889
439,22.81667,108.31667
440,8.484,-13.22994
441,1.4655,103.7578
442,31.76904,35.21633
443,-5.42917,105.26111
444,-6.59444,106.78917
445,-4.05466,39.66359
446,10.31672,123.89071
447,23.58413,58.40778
448,47.82289,35.19031
449,43.29695,5.38107
450,32.07275,36.08796
451,39.9179,32.86268
452,34.77772,48.47168
453,36.76639,3.47717
454,31.32556,75.57917
455,8.4855,76.94924
456,34.58333,135.46667
457,36.096,114.38278
458,-26.82414,-65.2226
459,6.36536,2.41833
460,11.65117,78.15867
461,10.8155,78.69651
462,34.72682,36.72339
463,40.81056,111.65222
464,13.51366,2.1098
465,22.99083,120.21333
466,30.01556,120.87111
467,51.75,19.46667
468,26.43442,50.10326
469,36.62554,101.75739
470,34.3838,47.0553
471,25.18254,75.83907
472,-5.795,-35.20944
473,20.27241,85.83385
474,39.93167,119.58833
475,26.88946,112.61888
476,36.90812,30.69556
477,50.06143,19.93658
478,27.88145,78.07464
479,16.06778,108.22083
480,-29.61679,30.39278
481,6.13748,1.21227
482,-8.11599,-79.02998
483,-7.9797,112.6304
484,8.35122,-62.64102
485,28.36678,79.43167
486,-1.94995,30.05885
487,-5.08917,-42.80194
488,35.19033,113.80151
489,-23.69389,-46.565
490,47.35118,130.30012
491,56.946,24.10589
492,52.37403,4.88969
493,7.85257,3.93125
494,30.18414,67.00141
495,52.9536,-1.15047
496,-20.44278,-54.64639
497,37.95,58.38333
498,19.35867,-99.20329
499,34.37002,73.47082
500,25.67678,-100.25646
501,41.03903,28.85671
502,35.56496,45.4329
503,7.89391,-72.50782
504,28.83893,78.77684
505,12.10672,15.0444
506,39.50972,116.69472
507,32.97944,114.02944
508,37.47649,121.44081
509,49.83826,24.02324
510,20.97537,-89.61696
511,19.54005,-99.19538
512,53.55014,-113.46871
513,35.82194,127.14889
514,27.83333,113.15
515,3.04384,101.58062
516,19.30023,73.05881
517,0.51667,101.44167
518,37.38283,-5.97317
519,53.5303,49.3461
520,-8.18028,-35.00139
521,34.98333,138.38333
522,18.5,-70
523,24.374,88.60114
524,18.48847,-69.85707
525,-1.24204,116.89419
526,34.67719,73.02329
527,35.20889,111.73861
528,-20.15,28.58333
529,45.81444,15.97798
530,30.42018,-9.59815
531,43.84864,18.35644
532,-34.92145,-57.95453
533,36.81897,10.16579
534,40.81,114.87944
535,29.34162,104.77689
536,42.01556,121.65889
537,6.44132,7.49883
538,35.76727,-5.79975
539,30.24706,115.04814
540,41.27194,123.17306
541,53.38297,-1.4659
542,47.60621,-122.33207
543,39.73915,-104.9847
544,31.75872,-106.48693
545,32.80589,130.69181
546,21.23333,81.63333
547,6.11278,125.17167
548,38.53575,68.77905
549,-23.5325,-46.79167
550,22.14982,-100.97916
551,42.33143,-83.04575
552,-25.96222,32.45889
553,24.79032,-107.38782
554,41.65606,-0.87734
555,26.76628,83.36889
556,27.85,112.9
557,4.5841,101.0829
558,43.5789,-79.6583
559,42.35843,-71.05977
560,35.70506,115.01409
561,32.03028,120.87472
562,44.58333,129.6
563,37.97945,23.71622
564,-23.66389,-46.53833
565,18.08581,-15.9785
566,-4.77609,11.86352
567,21.88234,-102.28259
568,35.14953,-90.04898
569,47.90966,33.38044
570,16.86336,-99.8901
571,-7.115,-34.86306
572,37.32361,126.82194
573,32.11486,20.06859
574,50.11552,8.68417
575,45.04484,38.97603
576,25.28194,110.28639
577,38.13205,13.33561
578,6.93194,79.84778
579,-13.96692,33.78725
580,35.69906,-0.63588
581,37.91363,40.21721
582,14.5243,121.0792
583,35.08676,-90.05676
584,54.32824,48.38657
585,33.51836,73.9022
586,34.65,133.93333
587,21.28145,110.34271
588,29.07694,48.08389
589,-7.80139,110.36472
590,43.76681,-79.4163
591,47.00556,28.8575
592,51.1,17.03333
593,36.63722,127.48972
594,37.3925,126.92694
595,35.40417,8.12417
596,32.21086,119.45508
597,45.52345,-122.67621
598,49.8844,-97.14704
599,40.12917,124.39472
600,35.46756,-97.51643
601,56.84976,53.20448
602,-8.11278,-35.01472
603,24.8,113.58333
604,33.3575,120.1573
605,19.3467,-99.16174
606,-19.93167,-44.05361
607,20.58806,-100.38806
608,21.20919,81.4285
609,41.18806,122.04944
610,11.58901,43.14503
611,36.17497,-115.13722
612,39.29038,-76.61219
613,25.42321,-101.0053
614,34.31417,47.065
615,-21.1775,-47.81028
616,14.79781,42.95452
617,14.58691,121.0614
618,51.45523,-2.59665
619,22.80278,86.18545
620,20.04583,110.34167
621,13.57952,44.02091
622,-23.17944,-45.88694
623,32.49069,119.90812
624,37.06306,114.49417
625,19.23496,72.85976
626,19.29513,-99.16206
627,57.62987,39.87368
628,-26.18848,28.32078
629,34.7,137.73333
630,9.93988,76.26022
631,41.10778,121.14167
632,20.93333,77.75
633,24.46667,54.36667
634,20.86481,106.68345
635,38.89511,-77.03637
636,33.72148,73.04329
637,35.46806,44.39222
638,16.85438,74.56417
639,43.0389,-87.90647
640,43.77223,-79.25666
641,49.24966,-123.11934
642,-7.70623,114.00976
643,46.63611,131.15389
644,53.36056,83.76361
645,51.9225,4.47917
646,37.87917,114.65167
647,32.62781,-115.45446
648,29.1026,-110.97732
649,37.27611,49.58862
650,7.15571,3.34509
651,51.45657,7.01228
652,38.73222,35.48528
653,19.70078,-101.18443
654,55.86515,-4.25763
655,-28.00029,153.43088
656,40.66482,122.22833
657,9.05785,7.49508
658,24.51333,117.65556
659,48.78232,9.17702
660,51.51494,7.466
661,43.10562,131.87353
662,52.29778,104.29639
663,-15.78499,35.00854
664,18.00747,-76.78319
665,41.02252,29.02369
666,44.40478,8.94439
667,59.91273,10.74609
668,20.46497,85.87927
669,35.65583,139.32389
670,48.48271,135.08379
671,48.43776,135.13329
672,0.39241,9.45356
673,30.28321,57.07879
674,-6.77137,-79.84088
675,37.55274,45.07605
676,41.00231,28.8598
677,32.94083,117.36083
678,28.01762,73.31495
679,41.01643,29.12476
680,51.22172,6.77616
681,-3.31987,114.59075
682,57.70716,11.96679
683,44.3023,86.03694
684,7.12539,-73.1198
685,42.33343,-71.04949
686,1.55,110.33333
687,52.40692,16.92993
688,19.18095,-96.1429
689,36.72016,-4.42034
690,7.69385,-5.03031
691,15.33805,38.93184
692,13.06269,5.24322
693,-18.91861,-48.27722
694,6.14978,6.78569
695,35.70129,139.98648
696,35.08449,-106.65114
697,39.91833,127.53639
698,-23.50167,-47.45806
699,60.16952,24.93545
700,18,79.58333
701,20.02083,-75.82667
702,43.16143,124.37785
703,31.56667,130.55
704,-7.55611,110.83167
705,33.58861,119.01917
706,21.76287,72.15331
707,-38.00228,-57.55754
708,29.4,71.68333
709,29.4963,60.8629
710,12.77944,45.03667
711,19.16023,77.31497
712,51.7727,55.0988
713,35.22806,128.68111
714,42.67272,21.16688
715,46.79927,130.31633
716,14.62578,121.12251
717,29.58354,105.06216
718,53.07516,8.80777
719,33.89352,-5.54727
720,25.33737,55.41206
721,25.01427,121.46719
722,32.08361,72.67111
723,4.36122,18.55496
724,54.68916,25.2798
725,21.17429,-86.84656
726,32.39722,119.43583
727,53.7557,87.1099
728,0.51528,25.19099
729,31.25654,32.28411
730,36.79526,34.61792
731,5.51737,5.75006
732,28.88162,120.03308
733,6.60086,3.48818
734,39.02111,117.64694
735,22.58333,113.08333
736,32.22174,-110.92648
737,36.16589,-86.78444
738,21.27028,40.41583
739,-19.84361,34.83889
740,16.29974,80.45729
741,14.85,-15.88333
742,46.81228,-71.21454
743,34.79922,48.51456
744,38.31667,116.86667
745,13.68935,-89.18718
746,19.42155,-98.95038
747,25.54389,-103.41898
748,30.32443,78.03392
749,-15.59611,-56.09667
750,19.44506,-99.14612
751,19.58722,-99.26356
752,3.10726,101.60671
753,22.20056,113.54611
754,19.30157,72.85107
755,41.0435,28.87619
756,54.6269,39.6916
757,36.74773,-119.77237
758,43.25011,-79.84963
759,57.15222,65.52722
760,23.51583,87.30801
761,-34.72904,-58.26374
762,26.4521,74.63867
763,38.71667,-9.13333
764,29.04638,111.6783
765,35.23972,113.23306
766,19.21667,73.15
767,16.69563,74.23167
768,52.60311,39.57076
769,26.71004,88.42851
770,52.37052,9.73322
771,39.77667,30.52056
772,34.79049,48.57011
773,-24.7859,-65.41166
774,53.20066,45.00464
775,-25.99636,28.2268
776,20.76957,72.96134
777,46.96591,31.9974
778,-16.82333,-49.24389
779,-33.61169,-70.57577
780,14.55027,121.03269
781,55.72545,52.41122
782,52.6386,-1.13169
783,31.33728,118.37351
784,19.28786,-99.65324
785,37.88637,139.00589
786,28.65136,77.19072
787,51.33962,12.37129
788,59.99675,30.3899
789,51.43247,6.76516
790,23.68333,86.98333
791,34.09174,49.68916
792,46.34968,48.04076
793,22.27694,113.56778
794,36.02917,129.36481
795,49.45421,11.07752
796,30.30722,112.24472
797,26.08061,-98.28835
798,42.97638,47.50236
799,-6.87222,107.5425
800,20.64091,-103.29327
801,37.92672,102.63202
802,22.47292,70.06673
803,38.58157,-121.4944
804,-10.91111,-37.07167
805,19.61745,37.21644
806,-31.63333,-60.7
807,15.50417,-88.025
808,29.97371,32.52627
809,51.05089,13.73832
810,56.49771,84.97437
811,-4.38361,15.39139
812,29.9679,77.54522
813,17.33583,76.83757
814,22.86643,88.40113
815,32.02594,44.34625
816,-12.26667,-38.96667
817,3.08507,101.53281
818,47.09514,37.54131
819,34.81667,134.7
820,16.75973,-93.11308
821,52.4345,30.9754
822,7.55122,6.23589
823,37.7415,127.0474
824,-33.01529,27.91162
825,31.89722,54.3675
826,9.56,44.065
827,32.49268,74.53134
828,55.33333,86.08333
829,30.71444,111.28472
830,37.20682,126.8169
831,39.09973,-94.57857
832,19.64388,-99.21598
833,38.46806,106.27306
834,41.99646,21.43141
835,-26.67313,27.92615
836,52.07667,4.29861
837,33.76696,-118.18923
838,14.63333,-90.60639
839,45.74846,4.84671
840,-23.31028,-51.16278
841,33.42227,-111.82264
842,28.68028,121.44278
843,35.77995,139.90144
844,-21.76417,-43.35028
845,34.71562,135.33199
846,54.19609,37.61822
847,40.56233,-74.13986
848,35.80521,139.71072
849,27.68667,106.90722
850,30.7522,120.75
851,-22.76417,-43.39944
852,32.73569,74.86911
853,42.90361,125.13583
854,55.95206,-3.19648
855,33.749,-84.38798
856,-5.89624,22.41659
857,-29.12107,26.214
858,32.0422,112.14479
859,54.35205,18.64637
860,4.95893,8.32695
861,26.5479,101.70539
862,-26.30444,-48.84556
863,35.13179,36.75783
864,51.21989,4.40346
865,36.6,136.61667
866,38.37396,27.1352
867,6.91028,122.07389
868,58.59665,49.66007
869,23.18239,75.77643
870,5.9749,116.0724
871,24.02032,-104.65756
872,38.83388,-104.82136
873,-22.88333,-43.10361
874,37.73222,115.70111
875,28.3998,36.57151
876,-0.03194,109.325
877,53.79648,-1.54785
878,38.7375,125.40778
879,10.66667,122.95
880,-22.80389,-43.37222
881,10.63111,122.97889
882,36.85293,-75.97799
883,18.80084,79.45206
884,48.56705,39.31706
885,1.48218,124.84892
886,49.83333,73.1658
887,35.7721,-78.63861
888,35.405,116.58139
889,36.365,6.61472
890,4.85165,31.58247
891,36.89157,30.76498
892,23.36306,104.25047
893,36.56667,139.88333
894,25.87972,-97.50417
895,37.16708,38.79392
896,40.9519,117.95883
897,34.12821,113.80681
898,33.23333,131.6
899,19.44361,-99.10499
900,51.48,-3.18
901,-31.5375,-68.53639
902,56.13222,47.25194
903,-26.21197,28.25958
904,8.48222,124.64722
905,41.25626,-95.94043
906,33.83916,132.76574
907,25.74167,-100.30222
908,34.71667,135.41667
909,18.54114,-72.39922
910,22.83333,88.36667
911,14.32944,120.93667
912,38.35018,38.31667
913,25.77427,-80.19366
914,22.50833,88.21528
915,4.81333,-75.69611
916,11.24802,75.7804
917,16.49051,97.62825
918,-3.74912,-73.25383
919,34.58333,133.76667
920,41.10652,28.86847
921,9.30143,13.39771
922,37.98704,-1.13004
923,-2.51667,32.9
924,5.05127,7.9335
925,48.26667,126.6
926,8.72518,77.68452
927,12.07689,15.03063
928,20.54966,74.53462
929,54.70649,20.51095
930,32.61603,44.02488
931,35.12725,126.83149
932,-1.36556,-48.37222
933,-1.26753,116.82887
934,43.68341,-79.76633
935,43.60426,1.44367
936,40.9983,71.67257
937,12.99082,7.60177
938,-27.97742,26.73506
939,11.24079,-74.19904
940,30.97063,31.1669
941,21.00292,75.56602
942,35.28361,139.66722
943,20.70957,76.9981
944,15.85212,74.50447
945,31.78336,35.23388
946,28.58023,121.37491
947,53.25209,34.37167
948,40.93567,29.15507
949,19.48698,-99.18594
950,19.53124,-96.91589
951,10.13625,-64.68618
952,23.65396,116.62262
953,7.62329,5.22087
954,48.14816,17.10674
955,24.79686,85.00385
956,24.58584,73.71346
957,-10.98303,26.7384
958,25.69893,32.6421
959,4.43889,-75.23222
960,30.00237,120.57864
961,56.99719,40.97139
962,39.90861,41.27694
963,7.25256,5.19312
964,27.18096,31.18368
965,-1.6,103.61667
966,31.03637,31.38069
967,37.80437,-122.2708
968,22.3458,82.69633
969,23.78732,85.95622
970,18.46633,-66.10572
971,-10.71484,25.46674
972,-36.84853,174.76349
973,27.70516,68.85738
974,12.91723,74.85603
975,33.56394,114.04272
976,44.58883,33.5224
977,42.3,69.6
978,37.8575,113.56333
979,53.41861,59.04722
980,25.45887,78.57994
981,-27.59667,-48.54917
982,53.58334,10.08305
983,-23.96083,-46.33361
984,9.74569,-63.18323
985,44.97997,-93.26384
986,38.2498,48.2933
987,32.75,129.88333
988,41.57028,120.45861
989,31.5,34.46667
990,51.73733,36.18735
991,24.19167,55.76056
992,33.50972,126.52194
993,8.9936,-79.51973
994,32.56667,110.78333
995,53.42894,14.55302
996,10.94469,106.82432
997,14.52694,-90.5875
998,-19.76694,-44.08667
999,34.81352,135.64914
1000,34.68139,-1.90858
1001,30.78847,31.00192
1002,-27.75796,29.9318
1003,19.25465,-99.10356
1004,14.44992,79.98697
1005,24.80361,120.96861
1006,45.30109,130.95718
1007,-6.16394,39.19793
1008,36.15398,-95.99277
1009,24.99368,121.29696
1010,20.62445,-103.23423
1011,15.45099,36.39998
1012,39.56939,2.65024
1013,-12.80243,28.21323
1014,31.05799,46.25726
1015,56.85836,35.90057
1016,31.78199,35.21961
1017,35.54028,139.45083
1018,21.85563,111.96272
1019,49.42161,26.99653
1020,35.42291,136.76039
1021,11.11541,77.35456
1022,25.12825,121.7419
1023,35.25165,-3.93723
1024,53.48095,-2.23743
1025,49.10635,-122.82509
1026,-20.32972,-40.2925
1027,36.71,119.10194
1028,35.34926,139.47666
1029,-12.95867,28.63659
1030,8.88113,76.58469
1031,-20.12861,-40.30778
1032,41.27976,36.3361
1033,59.43696,24.75353
1034,5.9597,10.14597
1035,13.18421,30.21669
1036,6.33732,-75.55795
1037,34.59972,119.15944
1038,5.8402,118.1179
1039,26.32599,43.97497
1040,31.61332,65.71013
1041,-23.68611,-46.62278
1042,37.69224,-97.33754
1043,29.95465,-90.07507
1044,23.46186,91.18503
1045,13.59934,100.59675
1046,-15.11646,39.2666
1047,32.73569,-97.10807
1048,41.4995,-81.69541
1049,11.86357,-15.59767
1050,10.69694,122.56444
1051,18.3,42.73333
1052,-21.75227,-41.33044
1053,-27.46056,-58.98389
1054,32.37535,15.09254
1055,-23.66778,-46.46139
1056,6.44852,2.35566
1057,51.48165,7.21648
1058,44.4234,26.16874
1059,34.78244,135.46932
1060,19.39528,-99.09778
1061,-19.96778,-44.19833
1062,34.48333,133.36667
1063,-9.29782,14.91162
1064,18.54472,-72.30278
1065,1.21361,-77.28111
1066,37.88738,41.13221
1067,-41.28664,174.77557
1068,28.09973,-15.41343
1069,-29.16806,-51.17944
1070,57.91944,59.965
1071,51.50168,7.1756
1072,37.45127,116.31046
1073,-26.08577,27.77515
1074,22.69089,88.37404
1075,25.00146,89.32266
1076,34.76667,137.38333
1077,33.63333,114.63333
1078,45.56995,-73.692
1079,-12.06513,-75.20486
1080,48.04782,37.92576
1081,25.43944,119.01028
1082,37.5847,36.92641
1083,34.2152,135.1501
1084,41.3275,19.81889
1085,-20.81972,-49.37944
1086,54.90272,23.90961
1087,35.37329,-119.01871
1088,40.61028,115.04472
1089,2.7297,101.9381
1090,53.00415,-2.18538
1091,27.61672,113.85353
1092,38.49457,43.38323
1093,21.30694,-157.85833
1094,30.3392,48.3043
1095,27.93557,109.59961
1096,10.21667,-64.61667
1097,49.19522,16.60796
1098,53.9168,30.3449
1099,24.41112,88.98673
1100,27.94752,-82.45843
1101,44.43579,26.01649
1102,-35.28346,149.12807
1103,34.68505,135.80485
1104,19.09457,74.73843
1105,20.9013,74.77737
1106,-8.00889,-34.85528
1107,34.26101,-6.5802
1108,53.1235,18.00762
1109,3.8077,103.326
1110,44.49381,11.33875
1111,19.27022,-98.93588
1112,36.8065,127.1522
1113,10.47226,-66.80155
1114,27.55898,68.21204
1115,14.03493,35.38344
1116,-43.53333,172.63333
1117,45.0428,41.9734
1118,17.98689,-92.93028
1119,35.08333,137.15
1120,-36.99282,174.87986
1121,23.05116,112.45972
1122,40.9833,29.1167
1123,25.24446,86.97183
1124,31.71306,73.97833
1125,-23.52272,-46.835
1126,51.27027,7.16755
1127,9.40079,-0.8393
1128,51.82721,107.60627
1129,36.65,138.18333
1130,11.17715,-4.2979
1131,51.25,22.56667
1132,39.72943,-104.83192
1133,52.40656,-1.51217
1134,44.64533,-63.57239
1135,30.51365,117.04723
1136,42.9,71.36667
1137,14.81389,121.04528
1138,5.06889,-75.51738
1139,37.47722,126.86639
1140,36.67642,48.49628
1141,37.05,140.88333
1142,14.45903,120.92903
1143,43.77063,142.36489
1144,35.23417,128.88111
1145,64.5401,40.5433
1146,-3.69583,128.18333
1147,-0.49167,117.14583
1148,19.3984,-99.15766
1149,43.26271,-2.92528
1150,23.2329,-106.4062
1151,-27.79511,-64.26149
1152,34.84833,135.61678
1153,40.64361,22.93086
1154,19.43411,-99.20024
1155,8.62261,-70.20749
1156,2.9273,-75.28189
1157,34.95,137.16667
1158,27.1865,56.2808
1159,49.23278,28.48097
1160,25.78195,-100.18839
1161,26.25,105.93333
1162,34.76143,135.51567
1163,19.31556,-98.88284
1164,34.23333,135.16667
1165,33.83529,-117.9145
1166,23.97694,121.60444
1167,10.31028,123.94944
1168,22.23507,76.39335
1169,-25.93312,28.01213
1170,29.47091,77.70332
1171,27.47629,-99.51639
1172,43.77925,11.24626
1173,35.31495,46.99883
1174,18.39721,76.56784
1175,-7.23056,-35.88111
1176,43.65421,-79.56711
1177,21.38083,-77.91694
1178,42.98339,-81.23304
1179,42.26833,118.96361
1180,39.83167,127.61861
1181,51.1801,71.44598
1182,44.4528,26.13321
1183,50.61074,36.58015
1184,13.1629,32.66347
1185,45.76347,130.85048
1186,25.27932,51.52245
1187,10.22856,-67.47421
1188,19.28689,-99.00507
1189,18.9261,-99.23075
1190,55.45,65.33333
1191,25.74664,89.25166
1192,32.97465,74.07846
1193,55.1904,30.2049
1194,10.91843,-74.76459
1195,22.51682,113.38521
1196,-22.72528,-47.64917
1197,47.36667,8.55
1198,17.48486,78.41376
1199,31.26981,72.31687
1200,-3.36667,36.68333
1201,13.09818,80.16152
1202,37.4,140.38333
1203,42.15,24.75
1204,-18.01274,31.07555
1205,35.86224,139.97732
1206,35.53168,35.79011
1207,41.18418,80.27921
1208,20.67675,-101.35628
1209,35.79916,139.46903
1210,-27.4806,-58.8341
1211,54.5293,36.27542
1212,0.03889,-51.06639
1213,35.78682,-78.66389
1214,43.70313,7.26608
1215,37.97083,126.55444
1216,8.12923,-63.54086
1217,35.90861,139.48528
1218,23.89154,90.40232
1219,59.97305,30.47607
1220,15.14205,76.92398
1221,-23.48611,-46.34833
1222,44.95719,34.11079
1223,33.55,133.53333
1224,54.90465,-1.38222
1225,33.74557,-117.86783
1226,-22.31472,-49.06056
1227,9.93333,-84.08333
1228,38.34517,-0.48149
1229,34.33333,134.05
1230,42.29306,123.84139
1231,36.26877,50.0041
1232,26.12259,85.39055
1233,22.67111,88.37472
1234,14.40118,33.51989
1235,35.50222,112.83278
1236,-16.735,-43.86167
1237,52.03333,8.53333
1238,-3.3822,29.3644
1239,10.32361,123.92222
1240,30.44079,48.18428
1241,27.5035,77.67215
1242,33.48778,48.35583
1243,13.71024,-89.13989
1244,30.33625,76.3922
1245,39.15278,127.44361
1246,52.28333,76.96667
1247,37.89155,-4.77275
1248,19.95076,79.29523
1249,-29.91778,-51.18361
1250,43.59917,39.72569
1251,41.79556,129.77583
1252,42.9075,129.50778
1253,25.34707,74.64081
1254,35.57845,-5.36837
1255,39.71667,140.1
1256,-23.52278,-46.18833
1257,36.7,137.21667
1258,-5.19449,-80.63282
1259,53.39337,-3.01479
1260,10.51667,76.21667
1261,19.31151,84.7929
1262,-23.96306,-46.39194
1263,52.96508,36.07849
1264,27.80058,-97.39638
1265,31.71111,113.36306
1266,-27.36708,-55.89608
1267,31.83561,47.14483
1268,48.78583,44.77973
1269,33.95335,-117.39616
1270,4.142,-73.62664
1271,-23.18639,-46.88417
1272,9.05032,-79.47068
1273,54.7818,32.0401
1274,-25.50972,-54.61111
1275,-31.77194,-52.3425
1276,46.65581,32.6178
1277,27.88165,79.90918
1278,39.71667,140.11667
1279,10.59095,14.31593
1280,-34.6509,-58.61956
1281,-16.32667,-48.95278
1282,20.11697,-98.73329
1283,13.93157,75.56791
1284,39.65417,66.95972
1285,68.97917,33.09251
1286,51.53622,-0.10304
1287,20.88722,-76.26306
1288,49.97143,82.60586
1289,31.99289,44.92552
1290,28.45179,117.94287
1291,-8.58333,116.11667
1292,40.78206,72.34424
1293,51.45625,-0.97113
1294,47.16667,27.6
1295,41.65518,-4.72372
1296,49.59373,34.54073
1297,28.63576,77.22445
1298,35.89035,139.78916
1299,43.03667,44.66778
1300,53.6884,23.8258
1301,50.25841,19.02754
1302,28.89447,76.58917
1303,45.60746,122.82076
1304,-9.08528,-78.57833
1305,46.76667,23.6
1306,14.21167,121.16528
1307,10.31032,9.84388
1308,59.13333,37.9
1309,38.62727,-90.19789
1310,4.53389,-75.68111
1311,32.5128,45.81817
1312,45.75372,21.22571
1313,59.2239,39.88398
1314,41.06046,28.98717
1315,38.0498,-84.45855
1316,53.7446,-0.33525
1317,4.57937,-74.21682
1318,19.62923,-99.10689
1319,53.76282,-2.70452
1320,40.68278,46.36056
1321,40.76432,120.85327
1322,37.77417,29.0875
1323,6.59651,3.34205
1324,50.73438,7.09549
1325,49.83465,18.28204
1326,43.21667,27.91667
1327,-20.31944,-40.33778
1328,30.95,117.78333
1329,8.25,124.4
1330,-13.52264,-71.96734
1331,-23.42528,-51.93861
1332,31.91667,131.41667
1333,3.6253,98.864
1334,-8.37915,-74.55387
1335,29.2947,117.20789
1336,-23.99306,-46.25639
1337,38.50722,125.75583
1338,56.13655,40.39658
1339,-23.65236,-70.3954
1340,-29.26737,26.72595
1341,-3.80044,102.26554
1342,8.94917,125.54361
1343,22.27817,-97.86772
1344,52.03171,113.50087
1345,-32.92715,151.77647
1346,10.46314,-73.25322
1347,25.79698,-100.31791
1348,34.85038,5.72805
1349,49.4891,8.46694
1350,51.50551,31.28487
1351,32.55556,35.85
1352,13.34136,77.1022
1353,35.19278,128.08472
1354,51.58774,-2.99835
1355,4.24482,117.89115
1356,37.46271,118.49165
1357,27.15092,78.39781
1358,29.30995,30.8418
1359,-8.76194,-63.90389
1360,20.52353,-100.8157
1361,-24.19457,-65.29712
1362,-26.23656,28.36938
1363,37.9577,-121.29078
1364,14.5832,121.0409
1365,18.67154,78.0988
1366,23.73166,86.84372
1367,-20.53861,-47.40083
1368,17.00517,81.77784
1369,40.44062,-79.99589
1370,44.31667,23.8
1371,44.18073,28.63432
1372,54.1838,45.1749
1373,36.70904,67.11087
1374,23.25572,87.85691
1375,55.60587,13.00073
1376,32.5742,74.07542
1377,26.21667,127.68333
1378,52.09755,23.68775
1379,34.19794,72.04965
1380,61.25,73.41667
1381,51.62079,-3.94323
1382,9.01222,27.57081
1383,39.96833,32.73083
1384,44.85278,65.50917
1385,44.8479,65.49989
1386,24.94343,67.20591
1387,14.34267,121.08071
1388,5.41123,100.33543
1389,22.36667,75.38333
1390,8.58972,-71.15611
1391,24.78081,110.48967
1392,15.15,120.58333
1393,53.79391,-1.75206
1394,15.16222,120.5675
1395,61.21806,-149.90028
1396,35.24762,136.97229
1397,-8.17211,113.69953
1398,40.81667,140.73333
1399,35,135.86667
1400,22.72154,88.48198
1401,38.67431,39.22321
1402,50.36386,-119.34997
1403,49.42854,32.06207
1404,42.23282,-8.72264
1405,22.25528,-97.86861
1406,34.63333,134.98333
1407,22.64859,88.34115
1408,39.12711,-84.51439
1409,29.15394,75.72294
1410,28.81014,79.02699
1411,34.96667,136.61667
1412,34.76278,127.66528
1413,51.53782,0.71433
1414,39.7,141.15
1415,-33.02457,-71.55183
1416,50.9216,34.80029
1417,37.75,140.46667
1418,45.45,28.05
1419,-26.91944,-49.06611
1420,28.58,77.33
1421,28.49615,77.53601
1422,-25.54778,-54.58806
1423,25.36457,49.56532
1424,16.96036,82.23809
1425,29.38747,76.96825
1426,50.42675,80.26669
1427,7.73375,8.52139
1428,-34.424,150.89345
1429,-25.095,-50.16194
1430,9.61524,6.54776
1431,53.13333,23.16433
1432,-8.9,33.45
1433,13.86075,100.51477
1434,36.1136,128.336
1435,52.73169,41.44326
1436,37.49223,15.07041
1437,25.41,49.58083
1438,5.47775,10.41759
1439,31.11866,74.45025
1440,52.09083,5.12222
1441,20.00073,110.29359
1442,-7.94083,-34.87306
1443,32.46367,44.41963
1444,-22.56472,-47.40167
1445,19.26855,76.77081
1446,48.43294,-123.3693
1447,21.48333,109.1
1448,23.11147,114.41523
1449,40.99441,28.90417
1450,22.37066,114.10479
1451,38.41258,-82.70905
1452,38.45647,-82.69238
1453,36.19112,5.41373
1454,32.29939,-9.23718
1455,40.10056,124.39806
1456,44.37571,26.12085
1457,16.4619,107.59546
1458,26.15216,85.89707
1459,53.56667,10.08333
1460,40.78056,30.40333
1461,40.96072,29.27067
1462,36.0397,-114.98194
1463,36.07264,-79.79198
1464,-30.08111,-51.02333
1465,30.58768,31.502
1466,44.94441,-93.09327
1467,5.3302,103.1408
1468,30.60427,32.27225
1469,8.5931,-70.2261
1470,36.86709,42.98845
1471,49.00937,8.40444
1472,-9.44314,147.17972
1473,33.01984,-96.69889
1474,35.51667,140.08333
1475,35.94389,126.95444
1476,12.24507,109.19432
1477,-23.5425,-46.31083
1478,27.56246,76.625
1479,14.5786,121.1222
1480,18.5125,-72.28528
1481,36.4,139.08333
1482,22.08005,82.15543
1483,-27.63917,153.10944
1484,-33.03932,-71.62725
1485,-0.90833,119.87083
1486,-10.17083,123.60694
1487,50.26487,28.67669
1488,40.73566,-74.17237
1489,6.18461,-75.59913
1490,40.80276,29.43068
1491,23.92298,90.71768
1492,35.55597,6.17414
1493,21.50951,-104.89569
1494,32.32194,118.29778
1495,37.80544,29.04236
1496,35.3,136.8
1497,-18.01465,-70.25362
1498,53.58935,9.984
1499,34.7795,72.36265
1500,41.66394,-83.55521
1501,7.65649,4.92235
1502,56.63877,47.89078
1503,47.23617,38.89688
1504,10.23409,-66.66308
1505,48.33576,38.05325
1506,42.30008,-83.01654
1507,7.62789,4.74161
1508,57.76647,40.92686
1509,43.53573,-5.66152
1510,41.11148,16.8554
1511,40.8,-96.66696
1512,32.6856,51.53609
1513,34.74056,10.76028
1514,47.21725,-1.55336
1515,-2.90055,-79.00453
1516,7.1962,5.58681
1517,-38.71959,-62.27243
1518,-6.91806,106.92667
1519,45.64861,25.60613
1520,50.55034,137.00995
1521,41.77583,140.73667
1522,36.72615,3.18291
1523,10.74244,13.80227
1524,-3.73611,-38.65306
1525,48.58392,7.74553
1526,54.59682,-5.92541
1527,39.47066,75.98951
1528,33.42056,43.30778
1529,16.69117,74.46054
1530,34.81641,135.56828
1531,34.61667,135.6
1532,34.34817,62.19967
1533,20.14444,-75.20917
1534,43.49806,43.61889
1535,16.41639,120.59306
1536,-22.505,-43.17861
1537,25.29194,51.42444
1538,50.08258,8.24932
1539,8.74798,-75.88143
1540,46.05108,14.50513
1541,34.76943,134.82905
1542,44.38808,26.07144
1543,-7.3274,108.2207
1544,16.82442,75.71537
1545,28.53834,-81.37924
1546,35.06306,118.34278
1547,52.92277,-1.47663
1548,14.3595,121.0473
1549,51.96236,7.62571
1550,51.50508,7.09654
1551,23.74174,-99.14599
1552,34.79361,126.38861
1553,32.01778,36.04639
1554,-22.55941,17.08323
1555,-6.41621,20.79995
1556,31.13379,30.12969
1557,34.06667,134.56667
1558,32.81841,34.9885
1559,53.62462,55.95015
1560,27.52188,41.69073
1561,41.38896,2.16179
1562,22.65657,89.79123
1563,30.94454,113.55284
1564,23.48333,111.31667
1565,32.64005,-117.0842
1566,47.20417,123.63333
1567,23.72894,92.71791
1568,50.77664,6.08342
1569,40.58972,49.66861
1570,8.16667,124.21667
1571,61.78491,34.34691
1572,11.46186,26.12583
1573,5.52491,7.49461
1574,40.72816,-74.07764
1575,31.46784,104.68168
1576,39.74833,37.01611
1577,17.06542,-96.72365
1578,-25.87133,29.23323
1579,50.27969,57.20718
1580,-31.73197,-60.5238
1581,19.84102,75.88636
1582,17.34769,78.55757
1583,51.18539,6.44172
1584,43.86682,-79.2663
1585,22.96585,76.05526
1586,9.30472,-75.39778
1587,43.6125,122.26528
1588,-19.74833,-47.93194
1589,33.30616,-111.84125
1590,41.1306,-85.12886
1591,50.37153,-4.14305
1592,22.64132,88.37727
1593,40.54184,81.26566
1594,-0.28333,36.06667
1595,10.03711,105.78825
1596,48.37154,10.89851
1597,35.32785,139.33735
1598,17.7,83.21667
1599,29.70475,116.00206
1600,41.0275,113.10583
1601,2.43823,-76.61316
1602,17.49326,44.12766
1603,27.48642,-109.94083
1604,14.54248,49.12424
1605,42.88645,-78.87837
1606,51.87967,-0.41748
1607,-6.8886,109.6753
1608,10.45397,-64.18256
1609,24.57726,80.82719
1610,-9.97472,-67.81
1611,35.99403,-78.89862
1612,26.77615,79.02133
1613,-24.95583,-53.45528
1614,27.77086,-82.67927
1615,41.35967,2.10028
1616,7.09316,4.83528
1617,-19.11639,33.48333
1618,33.66946,-117.82311
1619,60.2052,24.6522
1620,40.38897,-3.74569
1621,56.1325,101.61417
1622,31.87149,-116.60071
1623,36.91766,34.89277
1624,27.50641,-99.50754
1625,36.56332,53.06009
1626,21.19147,81.27619
1627,50.62308,26.22743
1628,22.18306,-100.94083
1629,42.94769,89.17886
1630,5.18194,7.71481
1631,35.23929,115.47358
1632,38.23333,140.36667
1633,25.67325,-100.45813
1634,-6.7063,108.557
1635,-29.67833,-51.13056
1636,21.43973,92.00955
1637,54.51889,18.53188
1638,40.39094,-3.7242
1639,22.89396,88.41521
1640,-14.86611,-40.83944
1641,32.38583,111.66778
1642,-28.78301,32.03768
1643,-36.72494,-73.11684
1644,52.58547,-2.12296
1645,13.62793,25.34936
1646,14.78333,-16.96667
1647,9.59306,41.86611
1648,7.06222,-73.08644
1649,46.63954,126.99508
1650,-23.51056,-46.87611
1651,33.8973,48.7516
1652,53.56667,9.98333
1653,26.59444,104.83333
1654,35.42867,51.57544
1655,-12.13588,-77.00742
1656,-23.02639,-45.55528
1657,32.99472,112.53278
1658,15.03425,120.68445
1659,19.36357,-98.97707
1660,-6.82102,37.66122
1661,-18.85111,-41.94944
1662,13.63551,79.41989
1663,5.54167,95.33333
1664,39.61833,122.00806
1665,28.99478,77.01937
1666,22.40694,-79.96472
1667,7.63527,4.18156
1668,8.94417,125.50194
1669,10.28969,11.16729
1670,53.55,9.93333
1671,13.1147,80.10981
1672,-24.00583,-46.40278
1673,19.38611,-99.16204
1674,19.9389,-72.83257
1675,32.08088,34.78057
1676,13.1483,33.93117
1677,43.32472,21.90333
1678,-33.59217,-70.6996
1679,-15.64667,-56.1325
1680,41.14961,-8.61099
1681,-22.52306,-44.10417
1682,48.5132,32.2597
1683,-29.68417,-53.80694
1684,33.57786,-101.85517
1685,43.07305,-89.40123
1686,36.06443,136.22257
1687,48.51134,34.6021
1688,43.61092,3.87723
1689,9.27949,12.45819
1690,50.79646,19.12409
1691,13.15823,80.30181
1692,43.90012,-78.84957
1693,3.53944,-76.30361
1694,39.77472,64.42861
1695,33.35283,-111.78903
1696,23.83877,78.73874
1697,17.41567,102.78589
1698,50.8357,12.92922
1699,-14.06777,-75.72861
1700,51.20487,58.56685
1701,-26.71171,27.83795
1702,7.76694,-72.225
1703,36.35,140.45
1704,36.84681,-76.28522
1705,35.4275,119.45528
1706,50.90395,-1.40428
1707,43.37135,-8.396
1708,25.94167,83.56111
1709,33.95,130.95
1710,-15.5,-70.13333
1711,19.64177,-99.3068
1712,27.11716,114.97927
1713,60.9344,76.5531
1714,36.8427,54.44391
1715,52.26594,10.52673
1716,35.89917,114.1925
1717,17.33521,96.48135
1718,25.20084,85.52389
1719,10.43398,-66.87662
1720,40.39354,-3.662
1721,41.005,39.72694
1722,23.16971,89.21371
1723,38.61202,27.42647
1724,38.25424,-85.75941
1725,-19.76972,-43.85139
1726,35.97861,126.71139
1727,37.35139,127.94528
1728,52.53667,103.88639
1729,55.65,37.71667
1730,28.72985,77.78068
1731,30.20747,74.93893
1732,35.33588,40.14084
1733,34.56528,110.06639
1734,10.43959,45.01432
1735,19.68028,-99.01
1736,45.47723,-75.70164
1737,28.76667,104.62383
1738,-38.95161,-68.0591
1739,44.72439,37.76752
1740,39.52963,-119.8138
1741,18.46422,-97.39735
1742,24.09082,32.89942
1743,36.09986,-80.24422
1744,27.39134,79.5793
1745,41.00244,29.23187
1746,36.33333,139.01667
1747,14.67784,77.60813
1748,3.8801,-77.03116
1749,38.75428,48.85062
1750,33.53865,-112.18599
1751,35.16667,138.68333
1752,55.89704,37.42969
1753,53.81667,-3.05
1754,30.3708,113.44294
1755,40.5,141.5
1756,43.8361,-79.49827
1757,-29.94218,-50.99278
1758,34.76615,135.62759
1759,24.05783,89.87696
1760,33.31667,130.51667
1761,39.64917,27.88611
1762,-38.73965,-72.59842
1763,51.33645,6.55381
1764,23.67027,58.18911
1765,22.22516,88.45086
1766,56.15674,10.21076
1767,33.15917,129.72278
1768,13.7567,121.0584
1769,19.41116,-102.05644
1770,27.01122,49.65825
1771,16.77919,94.73212
1772,-6.8694,109.1402
1773,25.8576,-80.27811
1774,9.70853,1.66598
1775,24.89904,91.87198
1776,32.91262,-96.63888
1777,23.33033,75.04032
1778,33.50921,-111.89903
1779,32.81402,-96.94889
1780,48.71395,21.25808
1781,48.29149,25.94034
1782,30.05614,70.63477
1783,37.68028,112.73194
1784,41.41814,2.19933
1785,30.66667,73.1
1786,49.55589,25.60556
1787,42.84998,-2.67268
1788,62.03389,129.73306
1789,36.81904,-76.27494
1790,-8.28333,-35.97611
1791,26.16418,32.72671
1792,2.81972,-60.67333
1793,-7.81667,112.01667
1794,6.80448,-58.15527
1795,18.755,79.474
1796,-0.35817,42.54536
1797,13.96667,44.18333
1798,39.07328,63.57861
1799,36.19886,-115.1175
1800,37.18817,-3.60667
1801,55.63657,51.82447
1802,6.49646,2.60359
1803,51.48158,11.97947
1804,43.42537,-80.5112
1805,-25.85891,28.18577
1806,7.4475,125.8046
1807,53.55,10.01667
1808,56.24143,43.45539
1809,4.88447,-1.75536
1810,54.32133,10.13489
1811,36.08889,111.51889
1812,37.54827,-121.98857
1813,44.84044,-0.5805
1814,29.92009,73.87496
1815,35.33638,139.40434
1816,51.05,3.71667
1817,14.55883,121.13285
1818,35.83643,139.79957
1819,7.32765,13.58472
1820,34.94808,127.48947
1821,18.13346,-94.44242
1822,36.59245,127.29223
1823,61.67642,50.80994
1824,38.26218,-0.70107
1825,1.71594,44.77166
1826,42.45306,59.61028
1827,29.84144,31.30084
1828,52.04172,-0.75583
1829,52.12773,11.62916
1830,26.23939,68.40369
1831,34.43667,35.84972
1832,27.21731,77.49009
1833,45.53121,-73.51806
1834,35.44272,139.36931
1835,18.57677,-72.22625
1836,19.33212,-99.21118
1837,-33.75757,25.3971
1838,44.95,26.01667
1839,5.647,100.48772
1840,3.6001,98.4854
1841,13.93139,121.61722
1842,-19.46833,-42.53667
1843,18.43915,79.12856
1844,30.45075,-91.15455
1845,25.56985,-103.49588
1846,10.01245,105.08091
1847,50.63297,3.05858
1848,4.39928,113.99163
1849,40.44505,-3.65132
1850,51.44162,0.14866
1851,-22.82194,-47.26694
1852,31.03408,30.46823
1853,25.05823,-77.34306
1854,-25.33968,-57.50879
1855,-20.22036,-70.13913
1856,49.06802,33.42041
1857,11.93381,79.82979
1858,50.28682,19.10385
1859,23.0881,-82.3597
1860,28.10988,30.7503
1861,51.29667,37.84167
1862,36.45596,115.97766
1863,12.17024,6.66412
1864,52.15,11.63333
1865,51.40253,21.14714
1866,22.75278,88.34222
1867,46.64142,124.86283
1868,36.2126,57.68191
1869,25.41111,55.43504
1870,-12.77611,15.73917
1871,43.31195,45.68895
1872,-38.14711,144.36069
1873,16.20546,77.35567
1874,23.67704,116.99961
1875,17.50107,78.45818
1876,10.26858,13.26701
1877,44.49239,26.04831
1878,-2.49077,28.84281
1879,37.98869,-84.47772
1880,-7.21306,-39.31528
1881,24.75636,90.40646
1882,29.69197,76.98448
1883,-26.1625,27.8725
1884,-5.06893,39.09875
1885,30.65,113.1
1886,-19.03332,-65.26274
1887,-14.56257,40.68538
1888,31.79213,34.64966
1889,35.49527,139.44279
1890,43.36029,-5.84476
1891,5.86638,-55.16682
1892,37.76441,38.27629
1893,25.55629,84.66335
1894,30.81029,73.45155
1895,23.61352,90.50298
1896,35.07474,109.08495
1897,24.80805,93.9442
1898,32.6344,51.3668
1899,36.09719,-115.14666
1900,38.86056,65.78905
1901,22.16547,88.8007
1902,9.73917,118.73528
1903,35.90056,117.75194
1904,28.46824,-16.25462
1905,38.04056,125.71472
1906,47.06667,15.45
1907,7.37241,4.18739
1908,-23.64889,-46.85222
1909,-26.17753,-58.17814
1910,47.70911,40.21443
1911,50.27961,127.5405
1912,14.82917,120.28278
1913,44.77842,17.19386
1914,36.21329,58.79575
1915,29.85058,115.5525
1916,53.1384,29.2214
1917,31.97102,34.78939
1918,37.55376,-77.46026
1919,15.48586,120.96648
1920,40.4984,-3.7314
1921,25.1449,82.56534
1922,38.19394,15.55256
1923,6.84019,79.87116
1924,6.83947,79.86451
1925,34.79936,135.35697
1926,22.33971,87.32501
1927,23.80199,86.44324
1928,10.78523,79.13909
1929,41.45004,2.24741
1930,35.97145,139.61382
1931,14.4646,121.1929
1932,51.47805,6.8625
1933,13.3622,100.98345
1934,45.4299,10.98444
1935,53.9059,86.719
1936,0.52036,35.26993
1937,39.68442,106.81583
1938,4.57728,13.68459
1939,-5.52639,-47.49167
1940,18.46156,-69.29718
1941,19.2,73.16667
1942,4.85,100.73333
1943,6.12104,100.36014
1944,-7.42139,109.23444
1945,-25.29167,-49.22417
1946,40.69149,-73.80569
1947,58.0446,38.84259
1948,-42.87936,147.32941
1949,14.31222,121.11139
1950,-0.10221,34.76171
1951,34.10834,-117.28977
1952,14.42972,120.93667
1953,55.70196,37.81178
1954,47.9959,7.85222
1955,52.25,-0.88333
1956,6.8293,79.863
1957,-6.55694,107.44333
1958,55.9825,37.18139
1959,25.5251,69.0159
1960,6.87735,-6.45022
1961,13.49667,39.47528
1962,52.53639,85.20722
1963,-36.82699,-73.04977
1964,45.25167,19.83694
1965,39.1,121.71667
1966,8.41667,-71.13333
1967,58.52131,31.27104
1968,5.48363,7.03325
1969,59.93111,30.36072
1970,25.79302,-108.99808
1971,6.8485,3.64633
1972,-23.62611,-46.79167
1973,8.55,39.26667
1974,8.17731,77.43437
1975,50.75932,25.34244
1976,60.39299,5.32415
1977,45.26667,27.98333
1978,35.95411,50.60607
1979,32.44201,105.823
1980,36.521,46.2089
1981,47.65966,-117.42908
1982,52.62783,1.29834
1983,-23.30528,-45.96583
1984,35.65924,139.54837
1985,-0.58295,117.09503
1986,-34.17083,-70.74444
1987,52.1934,21.03487
1988,33.52066,-86.80249
1989,5.36301,100.4667
1990,13.9411,121.1631
1991,-22.21389,-49.94583
1992,53.86893,10.68729
1993,2.6931,101.7498
1994,37.60512,-0.98623
1995,41.02697,28.67732
1996,37.6391,-120.99688
1997,39.84528,33.50639
1998,49.2,119.7
1999,41.56667,2.01667
2000,18.21639,42.50528
2001,41.18389,-96.03113
2002,45.75499,4.78812
2003,0.71117,30.06469
2004,-3.13333,33.53333
2005,39.18342,36.07189
2006,-0.88333,29.65
2007,53.04063,16.45629
2008,36.40291,10.14292
2009,-11.80694,-39.38556
2010,8.51212,-82.61858
2011,47.72947,12.87819
2012,-3.50306,-80.27306
2013,42.11316,-70.81199
2014,29.074,80.11139
2015,27.89232,-101.42319
2016,44.98802,7.4601
2017,-6.45,38.33333
2018,54.95,-7.73333
2019,32.25174,-110.73731
2020,46.83047,28.59064
2021,43.67954,10.84975
2022,32.28493,34.98106
2023,25.7076,-80.32561
2024,51.68406,39.0727
2025,54.9198,82.9909
2026,-2.51222,30.65583
2027,36.75793,-3.95233
2028,40.66886,72.56002
2029,37.4779,47.0508
2030,-22.65083,-42.39167
2031,50.7838,-0.96869
2032,24.59916,74.86261
2033,41.63333,2.16667
2034,45.67207,-118.7886
2035,50.71667,-2.43333
2036,-20.93194,-54.96139
2037,21.6241,69.98494
2038,40.918,-111.87216
2039,59.36588,17.99569
2040,-33.55384,-71.60761
2041,-31.89618,-61.85984
2042,4.4516,7.17074
2043,52.37125,4.53306
2044,41.45423,-8.168
2045,49.96911,20.60606
2046,-4.32796,-79.55554
2047,6.29678,101.72844
2048,50.39583,3.77792
2049,41.68921,2.48965
2050,48.10755,11.2936
2051,24.31371,80.97703
2052,55.72706,53.10258
2053,21.23631,-77.52561
2054,19.85993,82.93385
2055,50.22678,5.34416
2056,13.48833,-89.32222
2057,51.37982,9.01445
2058,-25.41667,25.55
2059,51.05952,3.79899
2060,40.73593,-73.08206
2061,38.21741,27.64744
2062,50.91297,13.04011
2063,34.20011,-90.57093
2064,50.02858,8.11754
2065,-36.35846,146.32056
2066,13.42309,8.47485
2067,47.85105,9.0091
2068,16.75847,100.11742
2069,16.11756,80.93139
2070,-32.43293,-63.24763
2071,10.92687,79.27056
2072,18.94498,-69.79331
2073,19.89758,86.11413
2074,54.33901,-1.43243
2075,15.58552,102.42587
2076,-27.61025,153.05388
2077,65.82518,21.68864
2078,22.82082,72.94032
2079,38.58894,-89.99038
2080,41.24255,-82.61573
2081,13.4585,123.6805
2082,55.60111,36.46806
2083,17.47531,103.45753
2084,47.17762,-1.62143
2085,26.4673,-81.80147
2086,-4.83,29.65806
2087,44.65486,20.20017
2088,50.96626,3.98594
2089,36.70456,3.02462
2090,17.1588,-89.0696
2091,18.88333,-98.865
2092,42.46037,-71.34895
2093,51.3969,0.30212
2094,47.46152,9.04552
2095,36.50921,-86.885
2096,58.1908,40.17171
2097,59.2978,18.0514
2098,54.76906,11.87425
2099,40.44689,-4.00428
2100,40.9351,-74.01903
2101,56.33871,-2.79902
2102,32.49728,35.49632
2103,44.64808,7.65677
2104,55.83595,48.6582
2105,46.38318,6.23955
2106,56.1855,50.8944
2107,-22.58056,-47.51861
2108,41.56809,-87.72033
2109,15.46253,45.32581
2110,50.63945,20.30454
2111,48.97388,1.9648
2112,48.74565,2.26796
2113,45.62163,-94.20694
2114,41.67364,-88.00173
2115,14.32517,99.51467
2116,27.18333,67.95
2117,63.11045,7.72795
2118,-9.78194,-36.35083
2119,50.59465,12.64139
2120,52.60783,8.37005
2121,-15.8975,-52.25083
2122,36.03452,-89.38563
2123,-7.40409,36.98309
2124,43.18997,45.28373
2125,41.79117,0.81094
2126,60.68333,26.83333
2127,11.12026,77.78811
2128,-3.45361,-44.78
2129,41.28449,-84.35578
2130,53.29617,69.59997
2131,39.03483,-76.90747
2132,44.71667,26.63333
2133,47.6177,19.1887
2134,18.7808,-99.23049
2135,13.20776,-2.35893
2136,-12.41713,-41.77049
2137,53.70944,37.29194
2138,37.79842,21.35068
2139,-21.66917,-42.07611
2140,45.40008,-73.58248
2141,-16.79706,47.65165
2142,12.81939,76.75456
2143,47.89137,28.29312
2144,6.55361,125.47083
2145,7.13952,40.71083
2146,-5.66417,-37.79889
2147,41.0033,16.87208
2148,50.97221,13.86741
2149,51.46791,4.46901
2150,-34.06251,151.14961
2151,36.36139,36.21361
2152,46.71621,-122.9543
2153,22.58344,88.01039
2154,14.23976,75.64507
2155,37.91667,140.76667
2156,48.06667,-2.98333
2157,29.94296,-89.96537
2158,20.06417,-98.71722
2159,21.21717,73.21972
2160,41.52003,-88.20173
2161,39.18316,-76.64024
2162,47.66189,23.69215
2163,9.25778,-73.81228
2164,-37.79117,144.81637
2165,40.3934,-82.48572
2166,48.89281,2.13308
2167,55.78438,-4.10007
2168,51.58198,0.70673
2169,45.82318,-73.4294
2170,59.34639,26.35583
2171,-17.30278,-49.01667
2172,42.34129,42.5976
2173,22.09947,76.73423
2174,23.25178,91.45407
2175,40.82472,37.34667
2176,-20.94639,-44.91889
2177,41.85059,-87.882
2178,32.23715,-80.86039
2179,28.70146,76.57708
2180,39.92028,66.86111
2181,50.75514,16.20494
2182,31.45046,-83.5085
2183,25.32643,84.25983
2184,12.5698,125.0141
2185,45.94423,6.63162
2186,51.32997,-0.4113
2187,54.17057,17.49187
2188,42.19454,-71.83563
2189,27.79836,73.34297
2190,53.9165,15.20027
2191,53.01907,20.88029
2192,-4.96667,34.88333
2193,50.32975,11.12058
2194,35.04275,-120.476
2195,20.14298,-77.43532
2196,37.64292,-77.50887
2197,23.43362,85.3211
2198,22.27797,-80.56931
2199,53.23235,6.56804
2200,45.68262,28.61487
2201,6.43809,-75.33136
2202,45.35781,9.3236
2203,49.54518,0.18769
2204,56.01931,39.94848
2205,53.67437,15.1163
2206,21.00153,-100.38416
2207,30.57076,-97.40944
2208,5.13278,-74.15977
2209,33.79038,-84.30603
2210,40.03028,64.515
2211,48.62695,13.19222
2212,50.39431,-3.51585
2213,35.74541,-81.68482
2214,45.62675,9.32454
2215,37.64563,-84.77217
2216,14.45506,75.3952
2217,31.43954,34.38053
2218,20.6492,78.48023
2219,49.02782,2.32638
2220,-20.4725,-45.12556
2221,48.27091,10.8339
2222,14.4605,5.2437
2223,4.09912,-72.95647
2224,41.32879,15.70994
2225,49.22188,143.09694
2226,26.59888,79.46437
2227,-7.77639,-34.89222
2228,59.39697,27.76331
2229,7.60778,125.96639
2230,28.26419,78.4056
2231,41.74066,-71.30866
2232,56.2325,96.0652
2233,32.20142,130.02171
2234,20.51999,85.62965
2235,40.70365,-89.40731
2236,59.1277,15.14341
2237,-8.38306,-35.4525
2238,49.5099,6.74549
2239,40.13038,-75.51491
2240,-20.95361,-43.80639
2241,26.1498,-97.91361
2242,33.64566,-86.6836
2243,49.90436,16.44413
2244,4.31887,17.46953
2245,12.38386,-85.51157
2246,26.92223,80.71078
2247,50.50819,3.59373
2248,-32.84043,-70.95623
2249,37.29548,14.84058
2250,38.53339,-90.27928
2251,47.3737,-68.32512
2252,38.6296,34.91199
2253,25.43745,81.9055
2254,-10.075,-38.48083
2255,51.69833,5.97361
2256,49.07717,27.68256
2257,51.10009,6.15484
2258,41.60232,-72.98677
2259,-27.80138,28.42726
2260,-29.23611,-51.86972
2261,44.91248,-0.63663
2262,-3.56222,-41.09222
2263,41.65041,59.9164
2264,33.94121,-84.21353
2265,-31.16486,-64.32241
2266,45.53929,-122.38731
2267,59.46529,24.98215
2268,45.41679,-122.64009
2269,51.94956,14.72837
2270,27.24056,-100.13222
2271,40.6851,-73.7018
2272,45.95412,12.50274
2273,54.94561,-1.67635
2274,43.42107,11.12739
2275,-31.91099,152.45387
2276,8.939,4.78227
2277,50.98622,12.97537
2278,17.11894,121.62014
2279,14.17056,120.92361
2280,57.9787,53.0138
2281,-21.18972,-46.98028
2282,38.77428,-76.07633
2283,15.46063,99.89166
2284,-18.91806,-54.84417
2285,11.10389,5.25556
2286,51.12637,15.91979
2287,42.26676,-72.66898
2288,43.48539,13.48222
2289,47.80527,-122.24064
2290,25.43333,49.63333
2291,13.40765,80.10879
2292,15.23352,75.57996
2293,21.73748,-78.79336
2294,52.60701,12.87374
2295,-39.53333,176.85
2296,23.59051,56.55007
2297,35.91537,-94.96996
2298,57.35917,37.60806
2299,45.09346,7.52392
2300,23.12493,120.46138
2301,42.46254,-83.10409
2302,44.84924,34.97471
2303,41.63976,2.35739
2304,-26.66944,-57.14583
2305,48.08829,9.23033
2306,31.34455,-109.54534
2307,6.76667,125.18333
2308,30.53353,-92.08151
2309,47.18594,19.31091
2310,48.09542,-4.32904
2311,53.06603,19.40941
2312,14.37395,100.48528
2313,18.37035,-97.29966
2314,36.73583,29.91775
2315,7.78937,99.63469
2316,51.14931,-0.97469
2317,9.8,38.4
2318,42.20704,-71.68562
2319,3.17301,-76.26275
2320,30.16688,-96.39774
2321,51.99,4.49861
2322,24.98207,81.64194
2323,49.96519,8.95129
2324,51.06513,5.08856
2325,37.28942,13.52494
2326,51.28951,13.5335
2327,46.19278,9.01703
2328,-1.3299,-78.54341
2329,15.30174,-61.38808
2330,6.26793,21.22468
2331,41.01702,14.48736
2332,43.35,26.23333
2333,52.63336,13.29024
2334,44.99242,10.74407
2335,54.03481,38.40172
2336,52.33333,8.75
2337,-2.58417,-49.50722
2338,11.10944,125.01556
2339,25.90232,-80.25033
2340,36.13968,-120.36015
2341,43.45777,-88.83733
2342,-33.95,151.1
2343,53.8922,10.64713
2344,41.39676,-73.07594
2345,26.02131,93.77945
2346,49.3,18.78333
2347,22.16094,85.50416
2348,24.13524,74.04442
2349,13.15498,10.63468
2350,20.37912,85.52953
2351,25.02013,79.22818
2352,18.21895,-78.1332
2353,39.56667,-0.53333
2354,52.08652,-0.26493
2355,40.58779,23.0315
2356,62.91713,34.45689
2357,-37.28415,-72.71105
2358,47.55371,7.94612
2359,20.24929,-99.18988
2360,35.36395,-0.51279
2361,52.0938,21.11761
2362,22.20179,-84.08484
2363,45.47927,8.99789
2364,49.0701,2.06277
2365,50.64083,5.79353
2366,-11.84722,-40.79139
2367,20.03557,-98.31015
2368,45.61019,9.15301
2369,50.80064,12.71287
2370,49.43134,15.22336
2371,54.12588,20.57954
2372,41.08889,21.01222
2373,41.64704,1.13957
2374,7.40722,125.73306
2375,42.67164,14.01481
2376,42.90725,-85.79198
2377,42.77424,-73.70012
2378,44.64671,7.49309
2379,40.6462,17.51661
2380,48.89317,2.10371
2381,41.39989,2.12931
2382,7.99471,-10.9502
2383,5.28634,-3.30403
2384,-8.16139,-70.76556
2385,41.74816,-71.18977
2386,40.52472,68.03583
2387,26.17035,-98.05195
2388,47.32911,-2.42829
2389,50.88681,3.89014
2390,39.06147,34.38286
2391,48.22336,10.10347
2392,38.90122,-77.26526
2393,25.86898,-80.21699
2394,19.2366,-104.56512
2395,6.33444,124.95278
2396,46.79392,-71.35191
2397,-5.58806,-39.37167
2398,34.48047,134.17017
2399,40.2415,-75.28379
2400,38.94422,-3.2381
2401,53.38806,-6.37556
2402,55.39934,37.80829
2403,50.83425,25.45821
2404,-1.9,34.01667
2405,48.54853,22.99578
2406,43.20918,13.28524
2407,20.57376,-103.32345
2408,51.5824,-0.09956
2409,52.17655,4.50885
2410,51.73213,-1.20631
2411,22.63333,88.4
2412,49.54939,30.8744
2413,39.36667,141.9
2414,44.83238,-0.51411
2415,14.63167,-90.92694
2416,52.1,6.64861
2417,17.92851,103.95519
2418,37.01667,27.26667
2419,35.86815,-83.56184
2420,35.05257,-97.93643
2421,49.45981,-2.53527
2422,30.79996,-81.68983
2423,11.60806,125.43194
2424,14.27639,-90.29889
2425,22.97617,86.85462
2426,-16.03163,35.5
2427,25.80722,66.62194
2428,47.37398,8.49007
2429,45.34705,11.86781
2430,49.11663,10.75971
2431,-6.64472,-51.995
2432,29.20968,-99.78617
2433,50.1037,13.7334
2434,31.21537,76.14149
2435,11.99008,-86.30954
2436,38.83289,-76.95942
2437,9.74173,79.01774
2438,20.22816,-103.5687
2439,50.99687,8.11062
2440,36.9838,-5.93933
2441,27.19755,-80.25283
2442,-4.19444,-40.47667
2443,14.86667,-91.56667
2444,20.28527,-103.42897
2445,43.36859,-1.79622
2446,44.77384,65.55227
2447,41.6376,-70.90365
2448,39.76282,-86.39972
2449,-0.94094,-79.22506
2450,30.64852,-91.1565
2451,55.0218,82.202
2452,50.75767,-1.5443
2453,44.56247,-92.5338
2454,-8.7075,-35.53056
2455,51.49607,9.385
2456,-27.58333,153.05
2457,9.04439,6.57089
2458,47.66389,36.25633
2459,-3.56667,36.95
2460,40.16713,69.50163
2461,-34.45333,-56.39056
2462,36.87672,-89.58786
2463,8.65417,124.75556
2464,5.01133,-9.0388
2465,52.9911,22.88422
2466,-16.62375,-72.71055
2467,55.70951,21.39441
2468,45.8088,9.22609
2469,40.74427,-73.48207
2470,45.05462,34.60185
2471,43.6475,111.97667
2472,50.25926,14.51759
2473,-7.65194,-40.14889
2474,38.41667,-6.41667
2475,-28.35889,-49.29139
2476,38.5245,-90.35734
2477,55.65333,-4.70666
2478,5.6561,-75.87877
2479,53.36664,-0.00438
2480,52.25116,10.81683
2481,32.29396,-111.00982
2482,25.77145,75.84978
2483,-20.2175,57.52083
2484,24.03943,76.578
2485,10.45,38.2
2486,47.34999,7.90329
2487,25.56078,81.49164
2488,50.81342,10.2361
2489,5.35328,5.50826
2490,-24.52611,-49.94861
2491,-15.74722,-41.46
2492,12.96951,79.14552
2493,56.63388,47.80405
2494,41.44144,-81.8643
2495,41.75003,-87.80422
2496,-7.15833,-35.63
2497,33.6103,-117.72533
2498,41.99451,21.58002
2499,62.58999,50.85939
2500,48.25628,13.04343
2501,48.5126,-122.61267
2502,-5.25806,-44.64889
2503,38.44098,-105.24245
2504,42.59726,-82.87798
2505,14.353,121.3225
2506,21.64491,77.63023
2507,45.20996,-93.66496
2508,-29.7076,152.92627
2509,40.44649,-74.38598
2510,39.07506,-84.44716
2511,51.3246,28.80351
2512,19.54878,-71.70829
2513,12.96226,80.19864
2514,55.73401,36.85918
2515,49.765,8.65194
2516,3.4242,101.1849
2517,-32.83211,151.35623
2518,41.05,-0.13333
2519,-37.95453,-72.43438
2520,24.37338,77.04841
2521,30.85584,74.92979
2522,55.82906,-4.51605
2523,25.70594,-80.35228
2524,48.88877,30.69482
2525,20.99932,83.06325
2526,42.0953,-87.93757
2527,53.46667,8.65
2528,50.8272,8.92806
2529,19.47793,-71.34125
2530,41.52837,-87.42365
2531,-6.68778,-36.6575
2532,29.84576,-90.10674
2533,45.59777,9.04634
2534,51.07592,17.72284
2535,-1.76667,33.96667
2536,40.92535,-8.54277
2537,-3.61667,33.86667
2538,21.49837,-158.06515
2539,37.13548,-3.67029
2540,51.14979,7.34471
2541,37.52487,-77.55777
2542,51.18341,-114.46871
2543,48.19001,17.72747
2544,48.79865,2.06814
2545,51.75905,-1.59435
2546,46.8,13.5
2547,54.13579,-1.52826
2548,38.37357,141.06105
2549,31.97717,73.60259
2550,32.96667,131.4
2551,55.87329,-3.1051
2552,43.11167,-88.49927
2553,38.07817,138.43939
2554,27.63864,-80.39727
2555,47.51692,8.76863
2556,45.40204,10.27681
2557,27.18333,83.88333
2558,45.37333,21.70917
2559,49.91985,9.07596
2560,31.21468,75.19602
2561,55.04434,9.41741
2562,-10.33333,39.28333
2563,47.1899,20.00476
2564,24.51379,86.64576
2565,52.2,8.63333
2566,38.45821,40.63888
2567,-30.95465,-58.78326
2568,54.36635,77.29805
2569,-20.18417,-44.77111
2570,-29.40111,-51.945
2571,-28.76659,28.24937
2572,38.09031,-0.65556
2573,50.43723,15.35162
2574,-6.24444,-38.91361
2575,-37.69047,144.74172
2576,46.32374,-120.00865
2577,44.53651,-122.90703
2578,27.42532,-82.59038
2579,50.67966,9.76727
2580,48.68315,6.14799
2581,25.04852,61.74573
2582,-22.45,18.96667
2583,50.58969,16.81239
2584,50.75292,6.84585
2585,37.59192,14.97985
2586,4.4557,100.6288
2587,46.46667,-0.81667
2588,-11.3,35.03333
2589,-39.64355,-72.33269
2590,41.23922,-81.34594
2591,9.63833,124.03482
2592,46.13544,-64.90504
2593,15.37794,73.90352
2594,26.69206,67.6133
2595,20.29349,-102.70754
2596,34.50259,-84.95105
2597,-20.7725,-49.71417
2598,40.61282,-89.45926
2599,50.14264,19.13149
2600,51.95838,4.47124
2601,44.87552,-91.91934
2602,11.91597,7.9337
2603,51.38673,0.30367
2604,22.45007,114.16877
2605,25.5126,69.78437
2606,-8.61194,125.20611
2607,46.61283,31.54982
2608,-37.88333,145.06667
2609,39.32796,-120.18325
2610,25.13111,68.86759
2611,29.22047,76.14278
2612,13.50325,102.18115
2613,41.35033,-83.12186
2614,25.38333,49.66667
2615,38.73178,-77.4311
2616,33.62594,-97.13335
2617,51.41943,6.75462
2618,18.2025,-98.04864
2619,47.45152,8.58491
2620,8.36586,-82.43524
2621,50.57879,7.22703
2622,-1.02167,-46.635
2623,5.32472,-75.15694
2624,44.53889,10.81166
2625,46.97537,-123.81572
2626,8.36361,-72.4063
2627,40.86928,-73.83645
2628,3.69637,-73.69957
2629,34.22619,74.77478
2630,-35.03285,-63.01252
2631,11.16378,77.60388
2632,40.94399,-74.67072
2633,41.96722,20.98083
2634,23.65176,87.16475
2635,31.89306,72.38167
2636,46.51027,6.66183
2637,44.55201,-69.63171
2638,39.51394,-121.55776
2639,48.62605,2.60125
2640,40.67871,-73.58902
2641,16.34714,75.61804
2642,49.78162,14.68697
2643,-27.98941,153.33633
2644,55.95867,25.59466
2645,-21.37583,-46.52556
2646,37.99384,-3.47103
2647,43.18725,-2.50261
2648,54.58048,16.86194
2649,-28.29389,-49.93167
2650,19.61639,-99.14722
2651,-7.4289,-79.50416
2652,48.50318,8.37699
2653,33.64456,75.01923
2654,43.31667,-2.68333
2655,-15.61778,-46.42333
2656,47.95013,1.87601
2657,20.81214,72.99811
2658,41.73424,-71.31929
2659,47.74167,96.84444
2660,19.24333,-98.19083
2661,37.07446,22.43009
2662,18.30334,-99.33376
2663,43.66228,-7.59344
2664,14.7451,79.06288
2665,38.90839,-6.61785
2666,41.26294,13.74583
2667,38.09242,-1.7985
2668,16.88206,121.58694
2669,-10.71667,39.73333
2670,40.10473,-3.69793
2671,59.89817,17.63386
2672,36.68312,10.58431
2673,-11.73028,-40.55528
2674,51.59083,4.91944
2675,-7.33561,-47.46218
2676,37.32955,14.74474
2677,43.52785,-71.47035
2678,48.83811,2.52488
2679,60.80043,21.40841
2680,5.85389,-76.02528
2681,27.48652,95.43646
2682,-27.20338,152.95923
2683,27.26181,79.63134
2684,48.1212,-1.603
2685,-1.13667,12.46399
2686,41.50306,26.52972
2687,49.3523,11.15069
2688,52.01246,8.69834
2689,52.26038,10.36491
2690,40.66871,-73.52707
2691,31.56884,72.64917
2692,41.35121,41.30456
2693,44.985,20.16083
2694,50.23085,7.58992
2695,43.1875,44.90194
2696,-23.3863,-48.72441
2697,48.01485,16.29324
2698,53.63333,9.85
2699,46.31836,-72.56632
2700,53.5441,10.20048
2701,43.35461,-2.84524
2702,51.31927,4.85304
2703,44.45,26.2
2704,50.6998,-119.30237
2705,47.42715,-92.93769
2706,-37.76667,144.78333
2707,38.79289,-77.49749
2708,56.0815,99.6342
2709,32.54044,-82.90375
2710,52.4344,13.20095
2711,46.10995,48.07364
2712,52.85059,8.72791
2713,43.96182,12.73631
2714,31.71545,35.18788
2715,45.51461,9.28772
2716,47.49494,8.71954
2717,43.96119,4.86008
2718,43.3665,-124.21789
2719,36.72544,3.55665
2720,28.09826,-16.61708
2721,-22.50222,-48.71139
2722,13.3476,122.5195
2723,9.45149,18.94493
2724,54.10707,10.8145
2725,-34.09345,21.25725
2726,26.49471,78.61593
2727,22.70256,77.93494
2728,54.35,-6.28333
2729,26.49022,74.55211
2730,8.88988,-79.62603
2731,-10.06806,-78.15222
2732,52.52985,13.68914
2733,45.84604,41.51885
2734,51.64087,-2.67683
2735,22.10133,80.54967
2736,-0.95759,-78.69636
2737,21.14972,-101.6225
2738,29.57517,71.02209
2739,27.05087,76.57325
2740,32.48563,35.23011
2741,45.6,4.05
2742,50.58333,3.06667
2743,34.97044,-78.94531
2744,21.23777,-104.9001
2745,38.85861,-104.69886
2746,19.5517,-98.91867
2747,54.3204,40.874
2748,29.78579,-95.8244
2749,31.14995,-81.49149
2750,-32.72173,25.58804
2751,45.81516,19.6318
2752,42.66394,21.09611
2753,-25.42861,-48.71194
2754,39.28065,-80.34453
2755,13.7,-88.1
2756,-19.91472,-48.38833
2757,40.5769,16.75655
2758,30.4427,-97.77501
2759,50.43172,15.81402
2760,53.33333,8.48333
2761,33.09179,-97.04668
2762,40.95271,39.92674
2763,-12.60139,-38.96576
2764,48.56067,11.26071
2765,9.94561,99.07847
2766,39.74345,-74.28098
2767,-16.25,-69.08333
2768,52.43367,8.61263
2769,19.83866,-98.03171
2770,50.56307,21.16593
2771,48.80078,2.16181
2772,48.67448,28.84641
2773,58.88,40.2525
2774,10.58303,76.93441
2775,38.93983,-77.28609
2776,-15.16444,-49.80333
2777,40.43026,50.03598
2778,49.98922,9.57223
2779,40.75982,-74.4171
2780,11.35811,77.32115
2781,50.5442,9.71792
2782,51.22807,5.4427
2783,58.70971,13.82367
2784,15.1773,73.99392
2785,51.8327,5.7934
2786,47.05,8.26274
2787,47.42681,12.848
2788,53.17477,5.42244
2789,33.73848,36.60071
2790,47.47333,8.30592
2791,-15.16595,-48.28281
2792,-32.2375,-53.08694
2793,-14.95083,-49.54944
2794,14.67889,120.26611
2795,27.87725,-97.32388
2796,15.2921,120.65498
2797,30.40648,-87.00553
2798,47.58333,12.16667
2799,-13.5,48.86667
2800,52.61131,13.31783
2801,13.83224,120.63219
2802,55.83116,-3.22608
2803,36.79014,14.7028
2804,46.5,-1.78333
2805,51.24053,6.18376
2806,38.24306,125.78
2807,41.21457,-8.61348
2808,46.52719,32.52417
2809,53.4122,24.5387
2810,41.04376,16.88491
2811,54.09989,35.34254
2812,52.5798,33.7644
2813,12.33497,76.10073
2814,33.13845,-95.60107
2815,-8.51417,-39.31
2816,49.67453,36.34775
2817,-37.69863,144.78631
2818,52.61667,-2.35
2819,39.09205,-76.81775
2820,18.42745,-66.49212
2821,47.21667,21.55
2822,-27.19354,153.02631
2823,50.24242,32.50621
2824,38.87094,-9.06823
2825,29.19366,-108.14684
2826,59.68333,30.43472
2827,37.16911,10.03478
2828,15.43358,-92.90039
2829,36.18814,-94.5405
2830,61.72744,17.10558
2831,51.6127,8.3384
2832,48.03555,27.81293
2833,16.88425,101.88467
2834,47.75293,11.377
2835,41.89184,48.41247
2836,12.92475,13.56617
2837,53.77464,15.77671
2838,49.01667,2.25
2839,18.15056,-94.5525
2840,47.3401,8.53134
2841,18.42745,-67.15407
2842,41.50032,13.06176
2843,51.78333,22.61667
2844,35.57244,8.67031
2845,44.57707,11.36071
2846,25.95507,68.88821
2847,40.49874,22.92617
2848,12.48164,102.07375
2849,-9.01222,-35.2225
2850,8.81667,40.51667
2851,28.55023,79.31761
2852,50.32174,10.20673
2853,45.25024,-93.24995
2854,-6.64056,-79.38917
2855,39.20735,-2.15723
2856,-2.51389,-66.09167
2857,33.99349,-81.07398
2858,40.27948,-86.51084
2859,19.02475,73.31688
2860,-33.52314,151.31325
2861,33.3761,52.3694
2862,13.74787,101.3553
2863,13.73321,-84.77725
2864,55.60928,36.98212
2865,51.34103,9.8554
2866,47.35,25.36667
2867,45.7088,4.86057
2868,53.94313,10.30215
2869,48.45252,-4.25252
2870,33.15679,-94.96827
2871,41.4942,-87.52171
2872,37.96491,23.66511
2873,46.60873,-81.20763
2874,-29.37639,-51.11444
2875,40.98065,-73.68374
2876,38.73289,-77.05803
2877,-2.23111,-45.3
2878,50.02824,45.45953
2879,49.9711,8.34532
2880,42.44775,-8.68594
2881,-7.2036,146.64014
2882,36.75,139.61667
2883,11.78624,108.24282
2884,4.96667,10.7
2885,-38.1,145.13333
2886,-16.08333,-69.66667
2887,41.23339,-80.44868
2888,32.07239,-84.23269
2889,30.70862,74.40407
2890,39.97358,0.01284
2891,45.17191,-93.87469
2892,40.04115,-86.87445
2893,52.52157,8.19793
2894,41.61667,2.28333
2895,-10.50333,-37.05278
2896,41.4275,48.4302
2897,28.75888,-81.31784
2898,55.82737,-4.0573
2899,51.84861,41.46056
2900,53.06667,8.2
2901,51.3363,6.34072
2902,43.73976,7.42732
2903,51.09554,4.50903
2904,-3.78333,37.61667
2905,52.60549,-1.91715
2906,47.36357,0.73993
2907,53.45801,-2.20104
2908,48.08333,1.33333
2909,37.12005,-93.48019
2910,35.35014,-80.20006
2911,43.56757,11.52987
2912,20.12856,85.09563
2913,-14.95944,-39.29972
2914,-18.7,47.78333
2915,-18.96667,47.73333
2916,-18.06354,44.02951
2917,52.96667,-1.18333
2918,2.8985,98.5231
2919,36.71549,28.70436
2920,-8.47111,126.45833
2921,49.29859,20.6862
2922,59.2,17.9
2923,38.56984,-77.26693
2924,51.21399,3.24949
2925,24.11028,52.73056
2926,51.30001,13.10984
2927,51.60794,4.7915
2928,-8.64306,126.37833
2929,19.29167,-98.46806
2930,25.63399,-80.43228
2931,50.61516,5.68062
2932,49.78465,23.64806
2933,47.31667,21.11667
2934,43.3253,-1.92707
2935,33.57261,-84.41326
2936,46.13333,22.78333
2937,45.89452,-77.28007
2938,42.10482,-70.94532
2939,8.91077,8.40655
2940,45.55,3.25
2941,49.4,6.7
2942,26.2452,91.52525
2943,32.46211,74.18207
2944,9.86545,11.22624
2945,32.96164,71.54638
2946,12.19644,75.80512
2947,-34.66737,-56.21758
2948,47.25983,8.59778
2949,26.03008,68.80867
2950,-19.41361,-42.41944
2951,43.24206,46.00013
2952,40.73757,13.86003
2953,40.72371,-73.70485
2954,10.58333,-61.11667
2955,34.10737,64.3052
2956,-33.7457,151.04764
2957,33.23623,-96.80111
2958,33.96807,-118.22507
2959,47.69332,2.63094
2960,19.64745,-102.04897
2961,44.48967,11.21831
2962,53.76687,-1.37099
2963,5.81717,100.47381
2964,49.27732,-0.7039
2965,51.79025,10.95509
2966,29.62607,-95.73162
2967,18.98622,-99.10051
2968,45.9836,12.70038
2969,51.81667,8.65
2970,30.05918,75.535
2971,14.61544,100.72731
2972,38.70116,-90.36234
2973,-23.7975,-48.59278
2974,43.53554,-5.88893
2975,-1.36696,38.01055
2976,41.37694,2.14306
2977,-25.33177,31.01166
2978,29.87999,77.05972
2979,26.42742,88.13112
2980,42.90012,-78.93286
2981,42.90975,-85.76309
2982,53.43333,-7.95
2983,51.6569,9.63501
2984,43.65126,17.96082
2985,51.6503,11.51146
2986,44.9279,-122.98371
2987,45.38338,-73.51587
2988,51.07409,4.28844
2989,52.73416,4.77682
2990,31.7965,-106.57999
2991,48.81294,2.3417
2992,55.67954,11.08864
2993,49.05,3.4
2994,-21.22778,-50.86833
2995,35.61739,10.99466
2996,6.91002,3.66557
2997,26.75367,92.10215
2998,42.86976,73.18463
2999,53.48188,-1.23214
3000,43.40657,4.9809
3001,22.66079,72.75519
3002,57.85056,114.19333
3003,41.74918,-91.59795
3004,47.1921,7.39586
3005,39.02756,-84.72411
3006,-32.69844,-57.62693
3007,54.03374,22.50704
3008,11.47197,49.87282
3009,38.56866,38.81634
3010,34.50055,-118.11646
3011,34.09836,-117.92383
3012,38.97956,-76.53052
3013,36.86108,10.33161
3014,53.95,10.73333
3015,28.39306,-81.3834
3016,38.10444,30.54861
3017,48.716,9.5236
3018,39.15017,-123.20778
3019,8.04583,126.06361
3020,51.89747,21.61466
3021,19.71306,-98.96833
3022,58.59382,35.80244
3023,53.28346,-110.00157
3024,47.84085,12.98114
3025,50.50518,4.36887
3026,47.91933,7.69045
3027,29.36857,-94.97131
3028,26.49001,79.90108
3029,33.8464,-118.04673
3030,45.23333,5.68333
3031,40.78843,-74.1332
3032,55.3343,41.6295
3033,10.61135,-74.26824
3034,-32.18,-64.41809
3035,48.67103,6.15083
3036,40.40203,17.55267
3037,10.2048,122.9888
3038,50.91154,14.61824
3039,45.35405,10.84462
3040,34.02849,133.80616
3041,32.63958,-96.53832
3042,-8.14139,-35.39583
3043,48.69247,2.6109
3044,40.04837,-86.46917
3045,15.10582,37.59067
3046,-7.30444,-38.15028
3047,0.77725,33.62364
3048,-9.56333,-35.82444
3049,16.8632,120.7829
3050,10.44026,78.09999
3051,38.64255,-90.32373
3052,41.9908,12.09082
3053,-6.4075,-41.74556
3054,38.27559,-3.61535
3055,-33.53009,-58.21701
3056,48.75149,2.51163
3057,41.05899,-74.02181
3058,41.38364,2.17628
3059,9.95091,-84.08503
3060,33.66761,-84.01769
3061,47.68324,19.13417
3062,-26.15881,29.71528
3063,22.66764,76.74286
3064,30.42103,-87.30747
3065,29.93245,-95.38021
3066,46.71503,11.65598
3067,12.6576,-1.89288
3068,46.38444,16.43389
3069,55.91797,39.17242
3070,32.84318,71.36192
3071,55.92639,39.46104
3072,62.45411,-114.37248
3073,14.22689,100.7155
3074,16.11601,74.21097
3075,50.13333,14.51667
3076,-7.25972,-34.9075
3077,15.8127,120.4557
3078,26.82745,83.52632
3079,5.3473,115.7455
3080,37.8332,23.80311
3081,44.27804,-88.27205
3082,51.85552,-4.30535
3083,42.50729,1.53414
3084,46.16667,1.86667
3085,47.87859,11.91098
3086,37.08819,-8.2503
3087,41.19392,-8.54133
3088,25.60293,84.40412
3089,40.82566,-73.69819
3090,53.45083,-6.15444
3091,14.795,-90.19222
3092,15.53333,-89.35
3093,28.24418,-82.71927
3094,53.5,-1.45
3095,-25.97972,-52.56778
3096,24.37065,75.95708
3097,41.31755,-81.34539
3098,45.37278,44.22056
3099,23.33794,75.55931
3100,29.41386,77.4689
3101,48.88909,26.85636
3102,51.35045,-1.1285
3103,-12.50583,-38.99861
3104,12.2,-10.7
3105,26.28373,78.98048
3106,29.46747,76.17798
3107,51.82166,-1.2886
3108,47.66003,33.71369
3109,55.31274,10.78964
3110,40.21965,141.28986
3111,49.59701,36.52618
3112,43.61062,-72.97261
3113,20.93385,85.54489
3114,40.22039,-74.01208
3115,41.83844,15.56535
3116,-13.66667,-76.15
3117,51.35613,8.48899
3118,46.46299,6.84345
3119,41.38389,2.06758
3120,51.09242,4.3717
3121,50.80995,5.60131
3122,44.4834,-80.21638
3123,11.27727,9.88385
3124,46.68056,113.27917
3125,50.05912,22.49408
3126,26.32255,90.68526
3127,12.76171,76.06035
3128,42.26121,-71.4634
3129,38.74761,-77.08303
3130,32.77998,72.69793
3131,19.76613,-97.24514
3132,46.37222,96.25833
3133,39.30286,9.20283
3134,47.29323,5.00457
3135,-19.00472,-57.60167
3136,22.71667,70.28333
3137,14.51957,76.33915
3138,43.1,-0.05
3139,56.83324,13.94082
3140,42.0501,-72.58287
3141,52.11879,20.67155
3142,44.63838,11.18419
3143,42.3,24.96667
3144,39.60678,-75.83327
3145,24.3944,67.99298
3146,52.04832,-0.02438
3147,49.36667,7.13333
3148,26.56708,85.5204
3149,-3.46222,-44.87056
3150,15.1375,-87.12778
3151,2.01667,112.93333
3152,14.64778,-90.79278
3153,37.23737,9.86313
3154,53.35,-3.01667
3155,54.2354,10.27795
3156,52.645,6.21111
3157,45.78114,12.49442
3158,42.44365,-82.90686
3159,45.99194,29.41824
3160,26.28729,-98.31335
3161,10.3242,-74.96017
3162,12.13433,77.89525
3163,44.70307,18.3101
3164,19.58893,-96.93727
3165,44.81592,9.98637
3166,46.29192,7.53559
3167,35.19543,-79.46948
3168,29.94827,-93.91712
3169,17.30097,101.7685
3170,47.8078,7.33702
3171,49.44065,1.02459
3172,-21.54722,-45.7375
3173,-27.31667,-61.28333
3174,40.51902,47.65423
3175,29.71801,-95.43383
3176,50.54854,13.77535
3177,16.90742,74.59954
3178,52.4581,13.28702
3179,16.26609,73.71217
3180,21.41859,80.97942
3181,61.11213,28.86321
3182,53.16905,15.42054
3183,51.44713,0.31028
3184,52.31667,8.33333
3185,40.44174,-79.88199
3186,47.52972,39.41833
3187,-20.15139,-41.62278
3188,47.55,25.9
3189,48.67124,9.37632
3190,40.144,-75.11573
3191,-23.87389,-49.80278
3192,38.784,-77.46971
3193,41.45976,-82.01959
3194,31.43516,-97.74391
3195,48.91725,11.88618
3196,41.80503,-87.86923
3197,-18.31667,47.11667
3198,47.23333,22.8
3199,45.56515,-73.1868
3200,45.4105,12.36649
3201,47.39503,8.52529
3202,53.16332,7.35052
3203,8.98327,16.31991
3204,38.36446,-98.76481
3205,5.8231,116.0466
3206,-20.53389,-49.31417
3207,10.98133,8.05749
3208,28.92134,79.97075
3209,38.20007,-85.82274
3210,48.13333,16.46667
3211,37.54598,-77.32776
3212,53.84711,-1.78785
3213,33.45122,-86.99666
3214,47.83602,-122.18766
3215,41.0706,-85.01441
3216,33.43594,-86.1058
3217,35.03333,71.35809
3218,40.35722,30.01417
3219,15.23333,-87.96667
3220,12.36532,13.8293
3221,40.65829,22.89712
3222,-1.61861,31.62
3223,45.90889,43.35472
3224,54.35533,38.26843
3225,53.6014,24.7465
3226,-14.40861,-56.44611
3227,45.47942,8.69815
3228,5.20087,-75.86865
3229,60.9,24.6
3230,50.55,13.76667
3231,-23.10167,-48.61583
3232,41.36144,-81.81291
3233,49.23359,2.88807
3234,50.60826,2.99143
3235,39.59806,125.60972
3236,19.80362,72.75598
3237,18.90135,-97.63833
3238,12.9495,80.2592
3239,53.01684,-112.83525
3240,-16.46111,-49.96167
3241,18.46576,-95.3006
3242,51.9662,12.08517
3243,-4.58583,-42.86417
3244,39.78561,26.34083
3245,50.40704,1.56446
3246,36.61774,-121.91662
3247,47.965,13.04944
3248,51.47903,-3.70362
3249,28.18784,75.50012
3250,58.68806,99.18444
3251,5.17282,-72.54706
3252,51.2167,-102.46766
3253,43.70943,-98.0298
3254,32.27917,71.55389
3255,50.99417,81.46611
3256,8.62931,77.91281
3257,45.83194,17.38389
3258,29.99883,-95.26216
3259,46.86667,-1.01667
3260,39.61721,-104.95081
3261,-12.7375,-38.76861
3262,39.3558,-9.38112
3263,18.65087,79.66501
3264,50.17943,8.47132
3265,49.35571,6.1926
3266,44.87851,18.42764
3267,51.22946,-0.78908
3268,40.00851,-3.00731
3269,38.26993,16.29607
3270,-37.75,145.35
3271,50.70535,1.5897
3272,49.3,6.93333
3273,47.69308,32.5216
3274,50.6,6.3
3275,47.4943,-122.24092
3276,51.41387,-2.4978
3277,55.31246,89.83301
3278,49.72153,18.80198
3279,15.0143,120.0803
3280,41.44809,2.17519
3281,30.59476,71.9699
3282,10.747,125.0107
3283,54.993,57.6982
3284,10.48134,79.39681
3285,55.4808,60.2157
3286,20.03618,-98.35563
3287,53.6851,-1.83878
3288,52.14021,8.48475
3289,49.4668,8.99016
3290,32.72339,35.31622
3291,39.85778,64.44833
3292,37.74425,-0.85041
3293,51.03333,7.11667
3294,-32.85679,-61.15331
3295,56.289,62.5841
3296,48.38553,18.40063
3297,28.20307,80.27046
3298,41.14198,-87.86115
3299,16.02781,100.37917
3300,24.41339,74.47331
3301,61.46125,23.63228
3302,56.31667,38.7
3303,21.36435,-102.8459
3304,50.4,1.6
3305,-14.3779,34.33322
3306,-26.58333,18.13333
3307,14.33083,-89.71083
3308,51.62355,12.32395
3309,18.52617,98.93936
3310,25.54711,80.70443
3311,-30.57781,-59.9317
3312,45.53338,-73.28246
3313,48.93964,9.25995
3314,-14.20906,-39.52641
3315,-21.15,46.58333
3316,-22.02861,-42.36083
3317,51.5151,104.1402
3318,39.77556,47.61861
3319,69.41285,30.22198
3320,-19.75,-43.0375
3321,18.99345,-72.39058
3322,-29.65056,-50.57583
3323,39.21261,-76.71358
3324,32.32091,35.36989
3325,-39.36708,-72.63087
3326,14.6228,121.0897
3327,22.60049,79.60094
3328,42.97444,140.50889
3329,48.3,-0.61667
3330,-38.17828,146.26099
3331,-13.03667,-46.77167
3332,22.29507,82.02366
3333,8.45611,125.78417
3334,50.11525,14.50685
3335,39.29379,-7.43122
3336,15.2085,101.77138
3337,39.50956,-76.16412
3338,-26.01517,-54.67306
3339,33.81601,-78.68002
3340,47.48327,6.85341
3341,-4.93333,38.93333
3342,9.99447,-84.66466
3343,50.51987,22.13968
3344,23.71472,72.11279
3345,41.41209,2.14394
3346,44.76737,10.78345
3347,-5.03749,-44.43857
3348,16.7262,121.3589
3349,53.10766,8.46322
3350,39.68623,-74.99517
3351,50.40959,-4.22514
3352,10.48536,5.14501
3353,14.60592,103.12081
3354,51.4439,-0.1854
3355,53.26682,-113.55201
3356,43.17784,13.79411
3357,-11.81361,-37.61056
3358,30.35048,-89.15282
3359,41.69323,-8.83287
3360,41.43232,2.16895
3361,38.08733,23.97642
3362,43.61111,1.49944
3363,-6.83667,-79.93417
3364,35.97859,-114.83249
3365,45.81681,-77.11616
3366,51.1303,5.45952
3367,45.27413,-93.59135
3368,45.26678,-72.14909
3369,-6.69167,-35.53333
3370,27.28912,95.3418
3371,34.39916,-118.91815
3372,-1.79008,-79.28759
3373,-20.35778,-41.95806
3374,31.66818,20.25205
3375,-17.98674,-63.38118
3376,-37.91667,145.11667
3377,27.90141,-81.58591
3378,45.53763,9.92699
3379,9.79399,8.86397
3380,50.25077,3.92143
3381,20.55083,-100.39806
3382,10.96245,8.39233
3383,28.24341,79.95135
3384,-41.96051,-71.53336
3385,37.36605,-121.82718
3386,-11.25222,-74.63861
3387,18.807,-69.78399
3388,45.01667,26.45
3389,55.9005,-4.45028
3390,37.74523,37.28618
3391,14.51833,-90.72667
3392,50.53439,36.68462
3393,16.16003,100.59656
3394,52.05959,19.19972
3395,39.2266,-0.52142
3396,48.33958,29.86791
3397,-38.02388,144.40617
3398,48.83541,2.62998
3399,24.05979,77.40858
3400,47.3548,8.56097
3401,53.52189,-1.39698
3402,-8.66877,-35.16277
3403,32.96179,-96.82917
3404,42.71232,41.46863
3405,-4.73333,38.1
3406,-14.67806,-39.375
3407,51.03248,2.86384
3408,-2.68333,33
3409,40.61667,0.6
3410,52.225,4.52222
3411,41.54206,2.26748
3412,38.96206,-76.92192
3413,52.30066,7.15763
3414,34.77405,-79.46282
3415,-26.4125,-49.07306
3416,49.40133,7.16424
3417,34.82399,-89.9937
3418,59.80917,30.38167
3419,49.33428,6.05267
3420,37.17526,-113.28995
3421,47.39254,8.04422
3422,20.2467,100.45401
3423,23.92126,-106.8925
3424,53.4785,26.7434
3425,60.29972,22.3004
3426,41.67649,-71.91507
3427,2.2139,102.3278
3428,39.80066,-76.98304
3429,-18.289,-66.83583
3430,33.794,-84.66049
3431,8.18278,124.17701
3432,44.94366,20.21931
3433,51.2,6.21667
3434,40.9558,14.27201
3435,32.40889,-116.94361
3436,59.1581,57.5695
3437,50.78773,-0.97697
3438,56.37328,38.58321
3439,40.83121,-73.02955
3440,40.80204,-72.84094
3441,14.04295,76.18496
3442,47.6558,28.04734
3443,19.14256,82.32536
3444,-15.21194,-75.11028
3445,40.93064,-73.10179
3446,51.66778,-3.2075
3447,49.65607,3.30107
3448,19.65347,73.14811
3449,40.74649,-74.15626
3450,23.07434,78.51108
3451,47.85093,-122.2393
3452,8.16722,125.99083
3453,40.63316,-74.13653
3454,15.18636,100.12353
3455,9.8773,-84.0847
3456,45.45518,41.97411
3457,41.35805,-93.55744
3458,60.45659,26.22505
3459,45.79377,8.88104
3460,51.24197,4.82313
3461,20.51667,-103.41667
3462,48.94952,2.04068
3463,-17.34111,-39.22083
3464,-16.43389,-41.00333
3465,21.46235,86.76794
3466,39.92083,40.695
3467,10.93217,-14.29055
3468,-17.98694,-46.90778
3469,47.78088,7.34662
3470,32.45821,-83.73157
3471,-40.33494,-72.95564
3472,15.8551,77.24463
3473,-34.28853,146.05093
3474,53.01499,13.99924
3475,53.36583,-6.49556
3476,38.39144,-86.93111
3477,4.1842,102.0468
3478,33.99261,-83.72017
3479,41.60304,-93.72411
3480,13.73417,-89.71472
3481,34.68344,-82.83737
3482,16.0009,120.4023
3483,39.4,-0.41667
3484,6.6,2.93333
3485,41.10519,14.21269
3486,47.38615,9.27916
3487,43.29806,-7.6813
3488,55.59911,37.35495
3489,47.47646,8.76996
3490,-25.34806,-54.23778
3491,33.51623,-90.17953
3492,45.7625,106.27083
3493,28.80416,-81.72563
3494,37.18856,-3.71887
3495,50.96983,6.92997
3496,15.18315,74.97099
3497,52.01577,85.90963
3498,38.99817,-77.28832
3499,9.14726,77.70424
3500,13.68835,75.24548
3501,46.91054,-98.70844
3502,40.72149,-73.7693
3503,52.42719,22.86231
3504,40.60872,-74.09598
3505,48.90786,6.0589
3506,34.03612,-117.99118
3507,14.9127,120.56659
3508,12.996,15.72927
3509,57.04096,65.72018
3510,26.88604,74.76602
3511,41.61028,20.00889
3512,45.67574,9.23723
3513,36.48847,-79.7667
3514,53.18463,18.60466
3515,41.48477,-81.92208
3516,43.03834,19.74758
3517,28.50167,-81.54091
3518,37.22479,-3.68686
3519,50.18709,14.66326
3520,14.26667,-15.95
3521,-23.50528,-47.61417
3522,57.89035,54.72019
3523,22.55656,83.46355
3524,43.53635,1.34428
3525,-34.86028,-56.05222
3526,25.7342,74.33278
3527,40.57762,17.03812
3528,36.74625,3.83163
3529,31.02468,-114.83919
3530,13.04328,-86.90645
3531,49.01667,2.1
3532,21.34694,-158.08583
3533,40.79356,17.12681
3534,25.20615,82.71442
3535,40.75566,-73.58763
3536,32.80755,-116.93642
3537,35.84972,66.43694
3538,41.94568,20.92894
3539,22.54925,71.48324
3540,18.84577,79.46165
3541,55.64277,13.20638
3542,53.32498,-3.83148
3543,26.52036,-81.96398
3544,-31.23073,-64.31615
3545,49.83078,8.74887
3546,53.7841,82.3116
3547,48.84868,2.62435
3548,2.32839,37.98986
3549,55.93415,-3.47133
3550,51.98333,116.58333
3551,55.87496,12.34579
3552,26.86912,78.59385
3553,36.077,-87.38779
3554,46.72927,29.70446
3555,-27.3171,153.03097
3556,0.06116,34.28823
3557,9.56667,37.1
3558,39.09145,-84.49578
3559,51.41222,-2.20056
3560,14.98333,102.65
3561,34.17482,-86.84361
3562,14.89054,-24.29343
3563,17.44475,80.14905
3564,49.64266,8.45936
3565,-27.5079,-58.55454
3566,29.56523,-98.3364
3567,41.69914,2.71888
3568,51.80949,10.33821
3569,34.23087,-111.32514
3570,36.46154,-77.65415
3571,52.566,78.9385
3572,41.80843,-72.24952
3573,32.71962,72.98625
3574,47.25395,16.93525
3575,47.64611,42.10194
3576,45.59456,-121.17868
3577,51.02134,17.31649
3578,-12.78339,45.25693
3579,34.80617,-106.73336
3580,9.17019,-79.10083
3581,28.54012,79.20817
3582,27.86371,77.20432
3583,22.00144,-99.64247
3584,51.4419,6.26639
3585,21.86764,75.96391
3586,21.77369,79.80513
3587,18.17633,-93.063
3588,-11.15895,-75.99304
3589,-5.13333,32.53333
3590,38.06147,-1.04877
3591,41.83892,-89.47955
3592,44.44416,-87.9201
3593,12.57513,122.27081
3594,34.26695,-118.3023
3595,46.38333,23.85
3596,53.37831,-2.33271
3597,15.59319,73.94571
3598,52.33413,20.88602
3599,32.47986,-86.36192
3600,39.42265,-0.39686
3601,25.82176,-80.24116
3602,14.892,100.31728
3603,37.0629,10.11829
3604,20.89133,-156.50604
3605,10.15038,-85.45093
3606,49.3856,11.3573
3607,40.60822,-74.51803
3608,21.28854,72.9407
3609,7.30082,18.2833
3610,51.02102,17.32095
3611,41.5819,2.54936
3612,15.65587,-13.25544
3613,12.35,29.25
3614,38.96525,41.05443
3615,48.24896,11.65101
3616,38.22498,42.4183
3617,20.11357,85.83147
3618,38.23972,32.21139
3619,-0.87944,30.26417
3620,53.81194,36.13194
3621,47.32411,40.38791
3622,53.39845,-6.16179
3623,18.08124,-88.56328
3624,-6.07472,-35.23778
3625,52.43548,13.54825
3626,40.66593,-73.48818
3627,56.704,60.0879
3628,19.42178,-97.00819
3629,13.16667,123.71667
3630,45.58262,-122.35342
3631,-0.49887,37.28031
3632,-1.27974,-80.41885
3633,53.05,9.01667
3634,25.87577,87.84009
3635,47.38623,0.74849
3636,19.18666,-102.8493
3637,18.04592,73.01552
3638,44.38333,26.16667
3639,50.05229,21.60891
3640,49.56526,9.70816
3641,44.91928,-123.31705
3642,-4.06685,-78.95488
3643,50.31667,8.5
3644,51.05337,4.63263
3645,22.80517,-82.58392
3646,48.81451,3.08498
3647,41.14505,1.39861
3648,49.96034,9.77239
3649,40.62483,-74.14848
3650,19.13325,-97.64167
3651,36.32959,-78.39916
3652,35.0907,-80.68618
3653,53.35736,-6.44859
3654,44.86136,-92.62381
3655,21.68216,-78.62567
3656,42.50309,-83.18354
3657,40.49182,50.14292
3658,65.93381,111.4834
3659,51.66801,9.37417
3660,66.42989,112.4021
3661,53.38333,-2.11667
3662,45.71289,12.25697
3663,-5.35833,-42.67639
3664,56.15,37.93333
3665,49.24545,30.1102
3666,61.8642,25.19002
3667,50.94095,37.80693
3668,51.79535,7.73815
3669,53.58705,-1.52676
3670,9.98333,39.98333
3671,60.51032,22.46176
3672,39.28844,-77.20387
3673,48.90924,2.13754
3674,-17.37389,-40.22056
3675,38.21201,-85.22357
3676,45.58333,25.45
3677,50.49613,29.22911
3678,51.37457,0.09785
3679,40.41628,-120.65301
3680,47.53757,134.75556
3681,14.1313,121.4362
3682,39.99562,-82.67433
3683,60.14959,15.18776
3684,19.71288,-98.96895
3685,10.3215,119.3451
3686,39.3925,28.13111
3687,20.99165,-101.28434
3688,53.30972,83.62389
3689,40.92237,14.42386
3690,50.93463,6.97495
3691,50.61385,5.74679
3692,56.6977,60.8369
3693,19.66194,-99.06889
3694,48.93196,9.2024
3695,51.3707,12.73939
3696,-7.05614,-76.5911
3697,50.90383,7.40306
3698,-0.1181,-67.08527
3699,52.20667,4.8625
3700,47.30997,8.52462
3701,31.23926,76.50253
3702,-26.68443,153.05705
3703,43.66667,25.36667
3704,25.8579,-99.61898
3705,41.16951,75.80099
3706,43.45214,5.86219
3707,52.075,4.65556
3708,45.80306,15.71806
3709,22.83918,69.7219
3710,44.76306,-85.62063
3711,-0.15406,35.19878
3712,39.11656,-121.63913
3713,49.05825,44.829
3714,5.06242,-75.87159
3715,37.71485,68.83456
3716,-9.07786,143.20893
3717,20.00671,75.19245
3718,41.3799,2.18971
3719,41.43982,-72.01424
3720,38.87428,-77.22693
3721,17.05314,-13.91312
3722,52.02337,0.24234
3723,39.56667,-0.33333
3724,18.03333,103.16667
3725,39.46405,45.97047
3726,13.6604,123.1869
3727,14.97089,8.88786
3728,53.70326,-2.32382
3729,62.43965,71.76029
3730,31.03608,35.46544
3731,13.65024,74.67072
3732,47.87663,11.70181
3733,-20.135,57.52111
3734,22.42347,71.19641
3735,55.8736,85.4265
3736,46.93333,20.83333
3737,-17.54234,-65.83472
3738,-22.5325,-52.1675
3739,44.8825,16.15139
3740,-37.87822,175.4402
3741,13.44761,144.80109
3742,46.77807,7.63249
3743,55.93464,-4.6895
3744,38.45598,48.87498
3745,13.64143,16.48941
3746,38.6703,26.75656
3747,49.09006,8.39879
3748,40.52927,-74.31598
3749,21.33555,-158.0582
3750,29.59412,-95.68078
3751,16.70008,104.09019
3752,51.78333,7.61667
3753,50.93139,8.42502
3754,44.39982,131.14775
3755,19.88733,-102.20636
3756,38.95823,-122.62637
3757,54.66579,-2.75757
3758,9.36238,-73.60313
3759,50.949,43.73781
3760,52.3195,16.12844
3761,8.43497,12.05107
3762,40.94652,-124.10062
3763,11.08313,13.69595
3764,20.75167,-76.02694
3765,51.78333,8.81683
3766,21.42243,78.98168
3767,43.91452,-69.96533
3768,11.66361,-1.07306
3769,45.46903,10.85371
3770,-37.87907,-67.7956
3771,44.86208,40.07195
3772,-9.78333,34.51667
3773,49.89738,8.84613
3774,14.65,-91.58333
3775,-37.90232,145.01734
3776,38.14285,-85.62413
3777,48.70233,45.19798
3778,41.92361,20.91361
3779,50.93152,31.58282
3780,46.155,15.05333
3781,-27.63444,-51.33639
3782,42.96589,-78.87004
3783,-33.96333,18.47639
3784,-27.94389,-52.92306
3785,47.71565,16.03575
3786,33.75483,-84.26742
3787,37.74159,-121.12438
3788,49.97387,16.39361
3789,41.43884,2.16893
3790,39.87556,20.00528
3791,39.33844,-76.47968
3792,42.90395,-78.69225
3793,7.56229,6.65497
3794,34.04876,-81.14648
3795,13.2,34.16667
3796,13.62,99.59169
3797,23.90345,79.56861
3798,-25.69556,-51.65972
3799,45.49458,12.10775
3800,49.58333,3
3801,32.00355,-80.97372
3802,36.61162,-119.52707
3803,42.39063,18.91417
3804,-26.64806,15.15944
3805,39.62713,16.51368
3806,24.11774,78.04007
3807,-27.50578,153.10236
3808,33.89807,-118.19535
3809,11.21259,99.51167
3810,31.52919,62.79055
3811,43,71.5
3812,44.25012,-76.94944
3813,13.41033,-16.70815
3814,23.1959,86.51499
3815,-19.32556,-41.25528
3816,15.76889,-96.135
3817,0.64996,33.17128
3818,-30.71164,-61.99862
3819,7.84083,125.04444
3820,31.56044,-91.40317
3821,53.41667,-2.11667
3822,-27.03424,-65.30196
3823,39.10816,-76.99775
3824,41.69971,-93.04798
3825,53.08371,18.22572
3826,35.25968,-118.91427
3827,50.31505,17.38355
3828,14.91944,-88.23611
3829,25.66667,94.5
3830,-23.21778,-44.71306
3831,43.93778,42.51167
3832,41.96357,12.75633
3833,19.76082,84.42997
3834,34.99591,-85.15023
3835,0.59318,-77.83078
3836,-31.08841,-64.48987
3837,16.00292,120.21154
3838,50.93182,6.99469
3839,20.54638,-103.46622
3840,38.69101,-121.44857
3841,46.25451,6.95406
3842,39.89061,-84.19883
3843,51.96463,19.71565
3844,42.06454,-72.51259
3845,41.05732,-74.14098
3846,15.68618,-93.20938
3847,-27.58612,-48.52335
3848,52.9336,33.4464
3849,34.12583,70.70778
3850,8.39307,8.35544
3851,25.98454,-80.19894
3852,21.02626,83.81197
3853,36.16316,-82.83099
3854,43.57083,104.425
3855,-26.96083,-50.42694
3856,67.36611,32.49806
3857,46.62139,19.28528
3858,29.47489,67.65167
3859,-11.33333,-38.96667
3860,8.27445,5.83528
3861,40.49014,-3.96383
3862,38.31727,-88.90312
3863,39.00317,-76.97192
3864,19.06747,-97.96595
3865,-9.02306,-78.61556
3866,49.07787,9.06601
3867,13.5848,124.2374
3868,53.49389,-1.29243
3869,25.19033,80.475
3870,22.19073,69.96351
3871,41.05336,30.85278
3872,16.33815,-92.563
3873,6.8916,80.5955
3874,9.27571,79.12362
3875,26.47079,85.70311
3876,50.23046,14.08693
3877,49.2818,9.68352
3878,38.91817,-78.19444
3879,44.8908,-89.54762
3880,27.79796,79.23763
3881,7.45462,-5.29263
3882,52.08731,-0.72218
3883,10.65298,-61.36298
3884,15.08333,120.51667
3885,15.6653,120.6406
3886,11.35163,77.16671
3887,53.28333,-3.05
3888,39.64908,-119.70741
3889,49.28489,31.44513
3890,-9.71667,-36.45
3891,37.70573,-92.15717
3892,1.6045,-77.13152
3893,40.83221,44.26731
3894,40.94705,38.70299
3895,-23.785,-53.07333
3896,41.78864,-89.69622
3897,27.51234,82.64297
3898,-26.27391,29.2253
3899,37.2707,-76.70746
3900,9.87556,-84.07661
3901,21.48815,70.07576
3902,31.79123,71.10394
3903,32.59644,-114.70968
3904,49.93577,40.545
3905,25.64205,-80.39839
3906,-20.31215,118.61059
3907,45.71667,24.15
3908,32.90046,-6.77464
3909,14.73758,-60.96286
3910,50.3886,13.18342
3911,48.07667,8.64409
3912,44.71667,25.31667
3913,41.7658,12.70188
3914,36.84693,-2.94966
3915,28.0653,-81.78869
3916,13.48333,-88.46667
3917,35.11833,69.23778
3918,35.87611,14.535
3919,36.46295,4.50532
3920,45.41317,10.39799
3921,-0.18333,-50.05
3922,55.32993,11.13857
3923,43.4,6.06667
3924,43.23611,23.12583
3925,43.05285,-74.34375
3926,34.81521,-102.39932
3927,21.67124,74.58535
3928,55.73333,-3.96667
3929,48.56082,19.41954
3930,39.93652,69.56779
3931,57.50728,12.69463
3932,23.22558,79.88007
3933,42.96339,-78.80392
3934,37.41853,66.04358
3935,32.81034,35.26009
3936,48.8449,17.22635
3937,47.43694,35.27417
3938,20.95361,-97.44194
3939,42.99812,-78.18752
3940,48.40219,2.72022
3941,-9.93333,35.33333
3942,14.46281,100.60832
3943,40.38641,-5.76341
3944,27.43137,80.53157
3945,29.58479,77.2554
3946,50.95302,4.71665
3947,40.73083,22.91722
3948,39.40463,-3.12492
3949,54.33424,18.19735
3950,35.86559,-101.97324
3951,64.18347,-51.72157
3952,17.25,-88.76667
3953,-21.20778,-159.775
3954,62.00973,-6.77164
3955,17.29484,-62.7261
3956,-14.27806,-170.7025
3957,15.99854,-61.72548
3958,60.09726,19.93481
3959,18.42693,-64.62079
3960,12.05288,-61.75226
3961,35.89972,14.51472
3962,46.77914,-56.1773
3963,17.89618,-62.84978
3964,18.06819,-63.08302
3965,47.14151,9.52154
3966,-26.46667,31.2
3967,43.93667,12.44639
3968,-8.52425,179.19417
3969,21.46122,-71.14188
3970,12.15,-68.26667
3971,46.09273,-88.64235
3972,-51.7,-57.85
3973,78.22334,15.64689
3974,18.21704,-63.05783
3975,18.026,-63.04582
3976,-13.28163,-176.17453
3977,-0.55085,166.9252
3978,13.47567,144.74886
3979,16.79183,-62.21058
3980,32.2949,-64.78303
3981,38.38333,16.13333
3982,-29.05459,167.96628
3983,41.90268,12.45414
3984,-15.93872,-5.71675
3985,-19.05451,-169.91768
3986,-10.42172,105.67912
3987,-12.15681,96.82251
3988,-25.06597,-130.10147
3989,-49.35,70.21667
3990,-54.28111,-36.5092
3991,16.70555,-62.21292
3992,7.08931,171.3805
3993,6.92477,158.16109
3994,13.47191,144.74978
3995,-26.2119,27.97322
3996,51.2357,14.02576
3997,47.7044,12.10466
3998,-3.62092,-38.82913
3999,50.42842,3.95001
4000,7.50043,134.62355
